x,y,t
0,0,298
2.43253e-12,2.07542e-11,305.853
-9.33604e-12,3.157e-12,313.698
-3.07545e-11,4.10812e-12,321.527
-2.47015e-11,-1.67363e-11,329.333
-2.2706e-11,5.1403e-12,337.109
-4.27672e-11,1.47064e-11,344.845
-4.78567e-11,3.66015e-11,352.536
-5.63112e-11,1.55043e-11,360.172
-6.05621e-11,-7.07187e-12,367.748
-8.06352e-11,4.58686e-12,375.254
-5.73983e-11,1.43979e-12,382.684
-3.69885e-11,-1.05677e-11,390.031
-6.0759e-11,-1.3111e-11,397.287
-7.91251e-11,-2.8758e-11,404.445
-5.48334e-11,-3.03531e-11,411.498
-7.51442e-11,-4.41529e-11,418.438
-5.96553e-11,-6.3472e-11,425.26
-3.5451e-11,-6.95778e-11,431.957
-1.0446e-11,-6.68054e-11,438.521
-2.81345e-11,-4.86484e-11,444.946
-3.99747e-11,-7.12711e-11,451.227
-6.53443e-11,-6.70807e-11,457.356
-8.33026e-11,-8.57262e-11,463.328
-1.05206e-10,-9.98377e-11,469.137
-1.27171e-10,-8.55209e-11,474.777
-1.42226e-10,-6.38639e-11,480.242
-1.50215e-10,-8.91595e-11,485.528
-1.24387e-10,-9.58195e-11,490.628
-9.853e-11,-1.02912e-10,495.539
-7.7239e-11,-1.19429e-10,500.254
-5.91391e-11,-9.9294e-11,504.77
-3.62542e-11,-8.45999e-11,509.082
-2.35142e-11,-1.08759e-10,513.186
-3.92708e-11,-8.63154e-11,517.077
-1.66428e-11,-7.06425e-11,520.752
-3.6627e-11,-5.1572e-11,524.207
-2.77449e-11,-2.5319e-11,527.439
-3.95755e-12,-1.09311e-11,530.444
1.7947e-11,6.31538e-12,533.22
3.94011e-11,2.42331e-11,535.764
3.84056e-11,5.22341e-11,538.073
4.87869e-11,2.61446e-11,540.146
4.85367e-11,5.42765e-11,541.979
2.10075e-11,4.82516e-11,543.572
3.48863e-11,2.36779e-11,544.922
6.86506e-12,2.73216e-11,546.029
-1.45072e-11,8.79284e-12,546.89
1.10241e-11,2.102e-11,547.507
3.6765e-12,-6.33444e-12,547.877
-8.0917e-12,1.94397e-11,548
-3.59624e-11,2.45586e-11,547.877
-5.64474e-11,4.98413e-12,547.507
-8.07104e-11,-9.62962e-12,546.89
-1.02708e-10,-2.74475e-11,546.029
-1.2356e-10,-4.6559e-11,544.922
-9.98183e-11,-6.18817e-11,543.572
-7.32584e-11,-7.14244e-11,541.979
-9.00362e-11,-4.87824e-11,540.146
-1.13621e-10,-6.412e-11,538.073
-9.4515e-11,-8.46968e-11,535.764
-6.65188e-11,-8.58177e-11,533.22
-3.95341e-11,-9.31081e-11,530.444
-2.69516e-11,-6.82298e-11,527.439
-2.27464e-11,-4.07495e-11,524.207
-4.75253e-11,-5.3164e-11,520.752
-2.72672e-11,-7.19433e-11,517.077
-5.02704e-11,-5.68264e-11,513.186
-6.11287e-11,-3.16458e-11,509.082
-5.68148e-11,-5.86151e-11,504.77
-8.36969e-11,-6.27368e-11,500.254
-1.1017e-10,-5.70621e-11,495.539
-1.25529e-10,-7.92026e-11,490.628
-1.00944e-10,-8.9902e-11,485.528
-7.4471e-11,-8.66399e-11,480.242
-4.87787e-11,-9.32426e-11,474.777
-3.17931e-11,-7.3064e-11,469.137
-1.43603e-11,-5.34804e-11,463.328
5.20789e-12,-3.62759e-11,457.356
1.68354e-11,-1.31467e-11,451.227
1.20391e-11,-3.84088e-11,444.946
-5.13902e-12,-1.95174e-11,438.521
-1.78814e-11,-4.14306e-11,431.957
-3.50617e-11,-2.30519e-11,425.26
-6.00202e-11,-2.35014e-11,418.438
-7.193e-11,-4.52106e-11,411.498
-4.87066e-11,-3.72334e-11,404.445
-2.55884e-11,-2.9606e-11,397.287
-4.86468e-11,-2.25035e-11,390.031
-4.57008e-11,1.22051e-12,382.684
-4.96123e-11,2.45752e-11,375.254
-6.60178e-11,7.82075e-12,367.748
-8.9031e-11,4.77913e-12,360.172
-6.60607e-11,5.12671e-12,352.536
-8.84533e-11,9.01734e-12,344.845
-1.00125e-10,2.82284e-11,337.109
-8.56112e-11,4.50602e-11,329.333
-9.33073e-11,6.56353e-11,321.527
-8.74271e-11,8.65291e-11,313.698
-6.8346e-11,7.67533e-11,305.853
-8.91532e-11,7.28519e-11,298
-9.47699e-11,9.29792e-11,290.147
-1.02004e-10,7.36707e-11,282.302
-1.1793e-10,8.632e-11,274.473
-9.87023e-11,9.20184e-11,266.667
-1.07552e-10,7.43429e-11,258.891
-1.25714e-10,6.73062e-11,251.155
-1.28566e-10,8.62766e-11,243.464
-1.10421e-10,8.10333e-11,235.828
-1.27899e-10,7.47039e-11,228.252
-1.14796e-10,6.19456e-11,220.746
-1.15268e-10,4.39669e-11,213.316
-1.01365e-10,5.4889e-11,205.969
-1.03056e-10,7.2179e-11,198.713
-1.20011e-10,7.41044e-11,191.555
-1.03535e-10,7.71424e-11,184.502
-1.03757e-10,6.07016e-11,177.562
-9.89395e-11,7.60955e-11,170.74
-1.1441e-10,7.28014e-11,164.043
-1.19984e-10,5.83344e-11,157.479
-1.33252e-10,6.5732e-11,151.054
-1.19471e-10,6.01269e-11,144.773
-1.22731e-10,4.59316e-11,138.644
-1.35947e-10,5.12692e-11,132.672
-1.34589e-10,3.73926e-11,126.863
-1.26968e-10,4.86978e-11,121.223
-1.16331e-10,5.67288e-11,115.758
-1.03903e-10,5.28371e-11,110.472
-1.07143e-10,6.51405e-11,105.372
-1.18139e-10,5.93538e-11,100.461
-1.23006e-10,7.04675e-11,95.7458
-1.13778e-10,6.30419e-11,91.2299
-1.25339e-10,6.32327e-11,86.918
-1.31857e-10,7.24453e-11,82.8145
-1.23166e-10,6.56766e-11,78.9233
-1.12647e-10,6.79138e-11,75.2484
-1.22136e-10,6.34169e-11,71.7932
-1.27065e-10,7.24113e-11,68.5613
-1.25286e-10,6.25474e-11,65.5559
-1.3333e-10,5.69481e-11,62.7798
-1.25305e-10,6.22007e-11,60.2359
-1.24987e-10,7.15901e-11,57.9266
-1.19194e-10,7.8754e-11,55.8542
-1.13959e-10,7.13759e-11,54.0208
-1.05641e-10,6.82181e-11,52.4282
-1.13837e-10,7.13242e-11,51.0779
-1.22485e-10,7.15688e-11,49.9713
-1.16752e-10,6.52168e-11,49.1095
-1.22805e-10,7.11598e-11,48.4933
-1.19366e-10,7.88558e-11,48.1234
-1.24697e-10,7.23678e-11,48
-1.32033e-10,7.64312e-11,48.1234
-1.40425e-10,7.67397e-11,48.4933
-1.38612e-10,8.4972e-11,49.1095
-1.31949e-10,9.02214e-11,49.9713
-1.28628e-10,8.23351e-11,51.0779
-1.34782e-10,8.84153e-11,52.4282
-1.30362e-10,8.08466e-11,54.0208
-1.25292e-10,8.8158e-11,55.8542
-1.1654e-10,9.04464e-11,57.9266
-1.08533e-10,9.50045e-11,60.2359
-1.15394e-10,1.01423e-10,62.7798
-1.24925e-10,1.02489e-10,65.5559
-1.28019e-10,9.31892e-11,68.5613
-1.20292e-10,9.95732e-11,71.7932
-1.10582e-10,1.02877e-10,75.2484
-1.11902e-10,1.13294e-10,78.9233
-1.05859e-10,1.04399e-10,82.8145
-1.12707e-10,9.57711e-11,86.918
-1.18678e-10,8.6195e-11,91.2299
-1.18684e-10,7.46331e-11,95.7458
-1.07571e-10,7.87316e-11,100.461
-9.90865e-11,8.74047e-11,105.372
-1.04776e-10,9.84513e-11,110.472
-9.21753e-11,1.0021e-10,115.758
-8.46988e-11,8.95456e-11,121.223
-7.48915e-11,8.0521e-11,126.863
-7.28334e-11,9.39989e-11,132.672
-8.48858e-11,1.01009e-10,138.644
-9.09624e-11,1.13902e-10,144.773
-8.07143e-11,1.03553e-10,151.054
-6.66018e-11,9.88436e-11,157.479
-8.1654e-11,9.67979e-11,164.043
-7.53138e-11,8.26497e-11,170.74
-6.79359e-11,9.66407e-11,177.562
-7.48056e-11,8.20467e-11,184.502
-8.9082e-11,9.02034e-11,191.555
-7.23351e-11,8.97309e-11,198.713
-8.89633e-11,8.59004e-11,205.969
-7.71926e-11,9.86774e-11,213.316
-9.45582e-11,1.01995e-10,220.746
-1.09593e-10,9.21246e-11,228.252
-1.26976e-10,9.78068e-11,235.828
-1.42444e-10,1.08115e-10,243.464
-1.27772e-10,1.20009e-10,251.155
-1.12724e-10,1.31908e-10,258.891
-1.24672e-10,1.16526e-10,266.667
-1.27118e-10,9.69106e-11,274.473
-1.44887e-10,1.06207e-10,282.302
-1.28291e-10,1.17965e-10,290.147
-1.25432e-10,9.7545e-11,298
-1.40284e-10,1.12244e-10,305.853
-1.61292e-10,1.14863e-10,313.698
-1.6573e-10,9.38881e-11,321.527
-1.85276e-10,1.03328e-10,329.333
-1.63352e-10,1.04713e-10,337.109
-1.60124e-10,8.27231e-11,344.845
-1.4181e-10,9.57572e-11,352.536
-1.64462e-10,9.38936e-11,360.172
-1.44247e-10,1.04807e-10,367.748
-1.35146e-10,1.26162e-10,375.254
-1.16173e-10,1.39943e-10,382.684
-1.33091e-10,1.56512e-10,390.031
-1.56079e-10,1.63074e-10,397.287
-1.64565e-10,1.40488e-10,404.445
-1.55975e-10,1.1771e-10,411.498
-1.37927e-10,1.01061e-10,418.438
-1.13698e-10,9.59489e-11,425.26
-1.11225e-10,7.11092e-11,431.957
-1.17806e-10,4.68267e-11,438.521
-1.35478e-10,6.49991e-11,444.946
-1.49619e-10,8.62597e-11,451.227
-1.53367e-10,6.08209e-11,457.356
-1.27988e-10,5.57168e-11,463.328
-1.08553e-10,7.30721e-11,469.137
-9.1385e-11,5.32562e-11,474.777
-6.63734e-11,4.48832e-11,480.242
-4.53698e-11,2.86801e-11,485.528
-6.29511e-11,4.87384e-11,490.628
-4.69541e-11,2.72208e-11,495.539
-5.48634e-11,5.29802e-11,500.254
-7.30205e-11,3.2897e-11,504.77
-4.58569e-11,3.15666e-11,509.082
-2.29281e-11,4.64064e-11,513.186
-5.03258e-11,4.52535e-11,517.077
-2.28118e-11,4.44496e-11,520.752
-4.05867e-12,2.41674e-11,524.207
-2.6025e-11,4.10668e-11,527.439
-4.83221e-11,5.76708e-11,530.444
-6.24003e-11,8.17344e-11,533.22
-6.91181e-11,5.46015e-11,535.764
-4.13418e-11,5.82787e-11,538.073
-1.57857e-11,6.99114e-11,540.146
-3.66947e-11,5.1089e-11,541.979
-9.1286e-12,5.69428e-11,543.572
-1.479e-11,2.92943e-11,544.922
1.34644e-11,2.88971e-11,546.029
-9.5665e-12,4.53186e-11,546.89
-2.92845e-11,2.50072e-11,547.507
-1.38816e-12,2.99113e-11,547.877
-2.96376e-11,3.20939e-11,548
-2.82887e-11,6.03987e-11,547.877
-4.66971e-11,8.19376e-11,547.507
-7.2302e-11,9.40473e-11,546.89
-6.31594e-11,6.72562e-11,546.029
-3.75895e-11,5.51619e-11,544.922
-2.97981e-11,8.23236e-11,543.572
-5.80087e-11,8.15166e-11,541.979
-2.98286e-11,8.17135e-11,540.146
-4.01201e-11,5.55304e-11,538.073
-6.76863e-11,6.08723e-11,535.764
-9.56831e-11,6.19813e-11,533.22
-1.18481e-10,4.58082e-11,530.444
-9.1687e-11,3.81056e-11,527.439
-8.65816e-11,6.54329e-11,524.207
-9.40853e-11,3.87532e-11,520.752
-7.45331e-11,1.92401e-11,517.077
-6.52144e-11,-6.66027e-12,513.186
-4.12073e-11,6.59202e-12,509.082
-3.27377e-11,3.25577e-11,504.77
-4.73164e-11,5.55163e-11,500.254
-2.57143e-11,7.1837e-11,495.539
-2.92786e-11,4.51274e-11,490.628
-4.97173e-11,6.24817e-11,485.528
-7.52065e-11,7.0339e-11,480.242
-9.0833e-11,4.8903e-11,474.777
-9.53082e-11,7.48964e-11,469.137
-8.69788e-11,5.00359e-11,463.328
-6.11188e-11,5.32248e-11,457.356
-5.27593e-11,7.77254e-11,451.227
-4.54835e-11,1.02388e-10,444.946
-6.39957e-11,1.19974e-10,438.521
-6.18626e-11,1.45233e-10,431.957
-8.04595e-11,1.62177e-10,425.26
-5.67902e-11,1.54246e-10,418.438
-5.01108e-11,1.7809e-10,411.498
-3.51039e-11,1.97526e-10,404.445
-1.15219e-11,1.91483e-10,397.287
1.25961e-11,1.90801e-10,390.031
-6.31545e-12,2.05425e-10,382.684
-3.83349e-12,1.81875e-10,375.254
1.21956e-11,1.9899e-10,367.748
-1.07669e-11,2.02393e-10,360.172
1.17175e-11,1.9768e-10,352.536
6.82868e-13,2.1755e-10,344.845
4.3064e-12,1.95365e-10,337.109
-6.42828e-12,2.14826e-10,329.333
1.11344e-11,2.28022e-10,321.527
-6.01146e-12,2.14712e-10,313.698
-2.11427e-12,2.35794e-10,305.853
4.11901e-12,2.15563e-10,298
-1.63966e-12,1.95476e-10,290.147
-1.99258e-11,2.05003e-10,282.302
-2.55454e-11,1.85456e-10,274.473
-4.25003e-11,1.96167e-10,266.667
-6.13371e-11,2.0216e-10,258.891
-8.06654e-11,1.99759e-10,251.155
-6.71551e-11,2.13378e-10,243.464
-8.19629e-11,2.01653e-10,235.828
-6.46628e-11,1.94852e-10,228.252
-4.68851e-11,1.99142e-10,220.746
-6.48645e-11,1.99586e-10,213.316
-8.17645e-11,1.94394e-10,205.969
-7.29875e-11,1.79401e-10,198.713
-5.59404e-11,1.80155e-10,191.555
-5.53521e-11,1.96899e-10,184.502
-4.97569e-11,1.81438e-10,177.562
-3.45126e-11,1.86709e-10,170.74
-4.96126e-11,1.82e-10,164.043
-3.6738e-11,1.90638e-10,157.479
-3.52944e-11,1.75517e-10,151.054
-2.70542e-11,1.6313e-10,144.773
-4.1086e-11,1.67034e-10,138.644
-5.18591e-11,1.57701e-10,132.672
-3.8246e-11,1.60716e-10,126.863
-2.53282e-11,1.56355e-10,121.223
-1.23983e-11,1.59587e-10,115.758
-7.30275e-12,1.71572e-10,110.472
-1.94688e-11,1.75295e-10,105.372
-1.12509e-11,1.84615e-10,100.461
-9.57177e-12,1.72599e-10,95.7458
-1.73036e-11,1.63626e-10,91.2299
-1.64661e-11,1.52095e-10,86.918
-1.12199e-11,1.62087e-10,82.8145
-2.20703e-11,1.63988e-10,78.9233
-3.06948e-11,1.70412e-10,75.2484
-2.27795e-11,1.77312e-10,71.7932
-1.86196e-11,1.67937e-10,68.5613
-2.47351e-11,1.75878e-10,65.5559
-1.93323e-11,1.84055e-10,62.7798
-1.04192e-11,1.80513e-10,60.2359
-4.86411e-12,1.88089e-10,57.9266
-1.35689e-11,1.91107e-10,55.8542
-6.56196e-12,1.85385e-10,54.0208
-1.42854e-12,1.92651e-10,52.4282
-8.95643e-12,1.88162e-10,51.0779
-2.60325e-12,1.8229e-10,49.9713
-7.36908e-12,1.89397e-10,49.1095
-2.41902e-12,1.82508e-10,48.4933
4.92215e-12,1.78365e-10,48.1234
4.59223e-13,1.71252e-10,48
-6.17717e-12,1.7638e-10,48.1234
-1.68618e-12,1.69284e-10,48.4933
-5.7026e-12,1.61873e-10,49.1095
-3.63808e-12,1.53645e-10,49.9713
1.92559e-12,1.47144e-10,51.0779
-3.38087e-12,1.40311e-10,52.4282
4.47029e-12,1.36415e-10,54.0208
4.95576e-12,1.27531e-10,55.8542
3.23397e-12,1.36412e-10,57.9266
1.23162e-11,1.34866e-10,60.2359
1.33734e-11,1.2553e-10,62.7798
2.17171e-11,1.208e-10,65.5559
1.25469e-11,1.2426e-10,68.5613
3.61797e-12,1.19706e-10,71.7932
1.3859e-11,1.19142e-10,75.2484
1.0333e-11,1.09251e-10,78.9233
1.14403e-11,1.19947e-10,82.8145
1.64519e-11,1.10138e-10,86.918
9.65016e-12,1.01132e-10,91.2299
1.79131e-11,9.30452e-11,95.7458
2.65524e-11,8.49423e-11,100.461
2.97251e-11,7.32317e-11,105.372
4.18163e-11,7.03678e-11,110.472
5.21967e-11,6.30111e-11,115.758
5.41044e-11,5.01278e-11,121.223
4.08153e-11,5.11406e-11,126.863
5.42097e-11,5.36863e-11,132.672
4.36172e-11,6.27528e-11,138.644
5.15295e-11,5.08974e-11,144.773
3.72594e-11,5.38128e-11,151.054
2.34257e-11,5.92869e-11,157.479
1.03593e-11,5.15396e-11,164.043
2.2714e-11,6.09061e-11,170.74
2.99717e-11,7.49598e-11,177.562
1.79048e-11,6.42561e-11,184.502
3.02187e-12,7.12451e-11,191.555
1.46714e-11,8.32855e-11,198.713
3.16948e-11,8.44577e-11,205.969
4.55533e-11,7.39817e-11,213.316
2.91889e-11,6.72901e-11,220.746
3.64506e-11,5.08364e-11,228.252
5.46595e-11,5.25367e-11,235.828
7.21811e-11,5.87453e-11,243.464
8.72546e-11,4.73639e-11,251.155
1.05437e-10,5.34812e-11,258.891
1.17972e-10,6.83886e-11,266.667
1.00507e-10,5.91298e-11,274.473
8.16289e-11,6.58979e-11,282.302
7.12744e-11,4.83926e-11,290.147
5.2294e-11,5.64483e-11,298
6.28334e-11,3.84046e-11,305.853
5.16844e-11,5.64008e-11,313.698
3.56198e-11,7.05988e-11,321.527
1.70903e-11,8.19031e-11,329.333
2.48422e-11,1.02457e-10,337.109
4.59262e-11,1.09487e-10,344.845
6.30058e-11,9.48728e-11,352.536
6.14643e-11,7.2197e-11,360.172
5.30655e-11,5.08144e-11,367.748
7.18791e-11,6.44123e-11,375.254
9.27809e-11,7.5041e-11,382.684
7.76559e-11,9.32612e-11,390.031
1.00696e-10,9.96373e-11,397.287
1.10994e-10,1.21457e-10,404.445
1.13343e-10,1.45687e-10,411.498
1.13492e-10,1.70242e-10,418.438
8.88025e-11,1.72129e-10,425.26
6.39777e-11,1.6951e-10,431.957
4.24118e-11,1.56555e-10,438.521
1.87444e-11,1.47476e-10,444.946
2.07595e-11,1.7293e-10,451.227
-2.15418e-12,1.84598e-10,457.356
-1.73321e-11,1.63627e-10,463.328
-4.1232e-11,1.74005e-10,469.137
-5.03438e-11,1.49421e-10,474.777
-3.77172e-11,1.26264e-10,480.242
-6.28607e-11,1.17808e-10,485.528
-6.78434e-11,1.44011e-10,490.628
-8.94199e-11,1.59929e-10,495.539
-1.02431e-10,1.83525e-10,500.254
-1.10301e-10,1.5762e-10,504.77
-1.31277e-10,1.74929e-10,509.082
-1.09472e-10,1.91375e-10,513.186
-1.36042e-10,1.98155e-10,517.077
-1.178e-10,2.18768e-10,520.752
-9.87832e-11,1.98733e-10,524.207
-1.16457e-10,2.20081e-10,527.439
-1.42287e-10,2.3036e-10,530.444
-1.68532e-10,2.39765e-10,533.22
-1.42261e-10,2.49315e-10,535.764
-1.59351e-10,2.27112e-10,538.073
-1.87265e-10,2.24067e-10,540.146
-1.70058e-10,2.46324e-10,541.979
-1.8499e-10,2.70223e-10,543.572
-2.07783e-10,2.53581e-10,544.922
-2.35514e-10,2.48151e-10,546.029
-2.46726e-10,2.22182e-10,546.89
-2.20459e-10,2.32738e-10,547.507
-2.07749e-10,2.5805e-10,547.877
-1.83817e-10,2.42882e-10,548
-1.61007e-10,2.26069e-10,547.877
-1.36027e-10,2.12698e-10,547.507
-1.55454e-10,2.33309e-10,546.89
-1.81455e-10,2.22114e-10,546.029
-1.58641e-10,2.38835e-10,544.922
-1.35341e-10,2.22848e-10,543.572
-1.53019e-10,2.44848e-10,541.979
-1.75305e-10,2.62096e-10,540.146
-1.8776e-10,2.3687e-10,538.073
-2.15211e-10,2.42774e-10,535.764
-2.11778e-10,2.14967e-10,533.22
-2.00516e-10,1.89384e-10,530.444
-2.28261e-10,1.92115e-10,527.439
-2.00485e-10,1.90973e-10,524.207
-1.75641e-10,2.03258e-10,520.752
-1.95014e-10,2.22949e-10,517.077
-1.91565e-10,1.95641e-10,513.186
-1.9252e-10,2.23046e-10,509.082
-1.71941e-10,2.05088e-10,504.77
-1.69042e-10,1.78047e-10,500.254
-1.42673e-10,1.71907e-10,495.539
-1.17474e-10,1.81453e-10,490.628
-1.28955e-10,1.57223e-10,485.528
-1.45362e-10,1.36193e-10,480.242
-1.1948e-10,1.42009e-10,474.777
-1.22569e-10,1.68204e-10,469.137
-1.26107e-10,1.42225e-10,463.328
-1.12346e-10,1.6435e-10,457.356
-1.30997e-10,1.82303e-10,451.227
-1.39331e-10,1.57977e-10,444.946
-1.58438e-10,1.74914e-10,438.521
-1.83747e-10,1.73489e-10,431.957
-1.59378e-10,1.67238e-10,425.26
-1.69444e-10,1.90081e-10,418.438
-1.4729e-10,2.01141e-10,411.498
-1.62185e-10,1.81619e-10,404.445
-1.44686e-10,1.64696e-10,397.287
-1.34189e-10,1.42971e-10,390.031
-1.33335e-10,1.66862e-10,382.684
-1.25929e-10,1.89354e-10,375.254
-1.16719e-10,1.67789e-10,367.748
-9.86441e-11,1.53224e-10,360.172
-1.09268e-10,1.32855e-10,352.536
-1.10082e-10,1.55569e-10,344.845
-1.27583e-10,1.41461e-10,337.109
-1.43e-10,1.57469e-10,329.333
-1.57252e-10,1.74186e-10,321.527
-1.51219e-10,1.95036e-10,313.698
-1.59469e-10,2.14825e-10,305.853
-1.59163e-10,2.35992e-10,298
-1.45908e-10,2.52146e-10,290.147
-1.55457e-10,2.33872e-10,282.302
-1.59722e-10,2.53758e-10,274.473
-1.39839e-10,2.51144e-10,266.667
-1.58791e-10,2.56763e-10,258.891
-1.73037e-10,2.43482e-10,251.155
-1.89718e-10,2.34006e-10,243.464
-2.05975e-10,2.4362e-10,235.828
-1.87953e-10,2.48175e-10,228.252
-1.78843e-10,2.64032e-10,220.746
-1.6289e-10,2.55728e-10,213.316
-1.61458e-10,2.7335e-10,205.969
-1.47885e-10,2.62507e-10,198.713
-1.31483e-10,2.57801e-10,191.555
-1.42685e-10,2.45343e-10,184.502
-1.34851e-10,2.59799e-10,177.562
-1.35776e-10,2.75903e-10,170.74
-1.35188e-10,2.91709e-10,164.043
-1.38808e-10,3.06784e-10,157.479
-1.29883e-10,3.19076e-10,151.054
-1.16492e-10,3.12594e-10,144.773
-1.05837e-10,3.22524e-10,138.644
-1.12335e-10,3.09838e-10,132.672
-9.84907e-11,3.11492e-10,126.863
-8.49126e-11,3.12728e-10,121.223
-8.64114e-11,2.99485e-10,115.758
-8.21274e-11,2.87186e-10,110.472
-7.61393e-11,2.7596e-10,105.372
-6.38196e-11,2.7758e-10,100.461
-6.48879e-11,2.65494e-10,95.7458
-7.57121e-11,2.70304e-10,91.2299
-6.52834e-11,2.75296e-10,86.918
-6.1574e-11,2.85954e-10,82.8145
-5.36972e-11,2.78253e-10,78.9233
-6.01067e-11,2.86888e-10,75.2484
-5.74883e-11,2.76719e-10,71.7932
-6.52613e-11,2.83411e-10,68.5613
-6.31965e-11,2.93219e-10,65.5559
-6.41244e-11,2.83462e-10,62.7798
-7.06005e-11,2.76387e-10,60.2359
-7.95838e-11,2.79137e-10,57.9266
-7.25175e-11,2.73226e-10,55.8542
-8.15364e-11,2.72517e-10,54.0208
-8.40511e-11,2.81051e-10,52.4282
-8.50208e-11,2.89762e-10,51.0779
-8.71874e-11,2.98138e-10,49.9713
-8.13475e-11,2.91883e-10,49.1095
-8.98183e-11,2.92336e-10,48.4933
-9.72298e-11,2.88321e-10,48.1234
-9.88096e-11,2.80073e-10,48
-9.05096e-11,2.78872e-10,48.1234
-9.83038e-11,2.81997e-10,48.4933
-1.06625e-10,2.83343e-10,49.1095
-1.12546e-10,2.89418e-10,49.9713
-1.18166e-10,2.95871e-10,51.0779
-1.2496e-10,3.01227e-10,52.4282
-1.31329e-10,2.95205e-10,54.0208
-1.39323e-10,2.99111e-10,55.8542
-1.306e-10,3.01511e-10,57.9266
-1.35602e-10,3.09248e-10,60.2359
-1.26208e-10,3.09264e-10,62.7798
-1.34095e-10,3.03806e-10,65.5559
-1.37353e-10,2.94563e-10,68.5613
-1.40803e-10,2.85152e-10,71.7932
-1.36281e-10,2.94358e-10,75.2484
-1.41801e-10,3.03291e-10,78.9233
-1.46476e-10,3.12975e-10,82.8145
-1.44032e-10,3.02234e-10,86.918
-1.41868e-10,2.91158e-10,91.2299
-1.45913e-10,3.01989e-10,95.7458
-1.38585e-10,2.92683e-10,100.461
-1.50086e-10,2.88819e-10,105.372
-1.62396e-10,2.87128e-10,110.472
-1.57925e-10,2.75216e-10,115.758
-1.52364e-10,2.6344e-10,121.223
-1.64429e-10,2.691e-10,126.863
-1.53242e-10,2.76894e-10,132.672
-1.61393e-10,2.65582e-10,138.644
-1.48144e-10,2.70836e-10,144.773
-1.44158e-10,2.56827e-10,151.054
-1.47783e-10,2.42398e-10,157.479
-1.3445e-10,2.35118e-10,164.043
-1.20016e-10,2.40777e-10,170.74
-1.35829e-10,2.40418e-10,177.562
-1.23971e-10,2.51353e-10,184.502
-1.40398e-10,2.50634e-10,191.555
-1.56943e-10,2.53269e-10,198.713
-1.40207e-10,2.49938e-10,205.969
-1.55074e-10,2.58927e-10,213.316
-1.45018e-10,2.44385e-10,220.746
-1.62815e-10,2.41793e-10,228.252
-1.7827e-10,2.51571e-10,235.828
-1.96639e-10,2.48717e-10,243.464
-1.95904e-10,2.29844e-10,251.155
-2.10435e-10,2.42368e-10,258.891
-2.05129e-10,2.23627e-10,266.667
-2.16791e-10,2.39588e-10,274.473
-2.26242e-10,2.219e-10,282.302
-2.4525e-10,2.14665e-10,290.147
-2.579e-10,2.30949e-10,298
-2.73363e-10,2.45003e-10,305.853
-2.69408e-10,2.658e-10,313.698
-2.48231e-10,2.62452e-10,321.527
-2.69929e-10,2.61891e-10,329.333
-2.881e-10,2.49547e-10,337.109
-2.95989e-10,2.28769e-10,344.845
-3.12423e-10,2.13431e-10,352.536
-2.96047e-10,2.29193e-10,360.172
-2.93909e-10,2.06319e-10,367.748
-3.1529e-10,1.97278e-10,375.254
-3.32582e-10,1.81441e-10,382.684
-3.09989e-10,1.74351e-10,390.031
-3.28357e-10,1.5905e-10,397.287
-3.37152e-10,1.81518e-10,404.445
-3.35114e-10,1.57259e-10,411.498
-3.51972e-10,1.75114e-10,418.438
-3.37769e-10,1.54831e-10,425.26
-3.46571e-10,1.7819e-10,431.957
-3.59666e-10,1.56708e-10,438.521
-3.37702e-10,1.44053e-10,444.946
-3.35561e-10,1.18609e-10,451.227
-3.26104e-10,9.46982e-11,457.356
-3.267e-10,6.88177e-11,463.328
-3.48609e-10,5.47134e-11,469.137
-3.74123e-10,4.86757e-11,474.777
-3.49558e-10,5.82812e-11,480.242
-3.25798e-10,7.00781e-11,485.528
-3.27222e-10,4.34434e-11,490.628
-3.51561e-10,5.46914e-11,495.539
-3.78324e-10,5.15503e-11,500.254
-3.51477e-10,5.50503e-11,504.77
-3.48239e-10,2.80476e-11,509.082
-3.74604e-10,3.51768e-11,513.186
-3.51771e-10,5.03627e-11,517.077
-3.26742e-10,3.89071e-11,520.752
-3.15439e-10,1.37023e-11,524.207
-2.90817e-10,9.78946e-13,527.439
-2.78368e-10,2.5836e-11,530.444
-2.74403e-10,-1.75991e-12,533.22
-2.47845e-10,-1.0477e-11,535.764
-2.63146e-10,-3.39491e-11,538.073
-2.35084e-10,-3.49282e-11,540.146
-2.42751e-10,-6.19964e-11,541.979
-2.17529e-10,-7.45667e-11,543.572
-2.13181e-10,-4.66816e-11,544.922
-1.84982e-10,-4.84981e-11,546.029
-1.59832e-10,-6.14423e-11,546.89
-1.86231e-10,-7.16619e-11,547.507
-2.14463e-10,-6.93784e-11,547.877
-2.35324e-10,-8.85518e-11,548
-2.46286e-10,-1.14683e-10,547.877
-2.39765e-10,-1.42256e-10,547.507
-2.6622e-10,-1.32138e-10,546.89
-2.88479e-10,-1.14648e-10,546.029
-2.60193e-10,-1.14769e-10,544.922
-2.88438e-10,-1.15616e-10,543.572
-3.02887e-10,-1.39859e-10,541.979
-3.3106e-10,-1.40506e-10,540.146
-3.04779e-10,-1.50544e-10,538.073
-2.79486e-10,-1.3835e-10,535.764
-2.90064e-10,-1.64295e-10,533.22
-2.96246e-10,-1.91555e-10,530.444
-3.00879e-10,-2.19046e-10,527.439
-3.14813e-10,-2.43103e-10,524.207
-2.92503e-10,-2.59545e-10,520.752
-2.6632e-10,-2.50742e-10,517.077
-2.90255e-10,-2.64335e-10,513.186
-2.64573e-10,-2.54722e-10,509.082
-2.43136e-10,-2.37799e-10,504.77
-2.70245e-10,-2.39976e-10,500.254
-2.49315e-10,-2.57151e-10,495.539
-2.3145e-10,-2.77324e-10,490.628
-2.05595e-10,-2.70223e-10,485.528
-1.78943e-10,-2.71286e-10,480.242
-1.90941e-10,-2.47627e-10,474.777
-1.71207e-10,-2.30127e-10,469.137
-1.92224e-10,-2.45802e-10,463.328
-1.98933e-10,-2.7098e-10,457.356
-2.17307e-10,-2.89216e-10,451.227
-2.25594e-10,-2.64874e-10,444.946
-2.5112e-10,-2.64265e-10,438.521
-2.69177e-10,-2.82056e-10,431.957
-2.89649e-10,-2.96679e-10,425.26
-3.06432e-10,-3.15157e-10,418.438
-2.88779e-10,-3.32522e-10,411.498
-2.7434e-10,-3.1266e-10,404.445
-2.7264e-10,-2.88376e-10,397.287
-2.70058e-10,-3.12365e-10,390.031
-2.46409e-10,-3.15863e-10,382.684
-2.35978e-10,-2.94605e-10,375.254
-2.5918e-10,-2.9121e-10,367.748
-2.44498e-10,-3.0919e-10,360.172
-2.26468e-10,-3.23427e-10,352.536
-2.1058e-10,-3.07175e-10,344.845
-1.95877e-10,-2.90171e-10,337.109
-1.98451e-10,-3.12247e-10,329.333
-1.88415e-10,-3.31787e-10,321.527
-2.0683e-10,-3.20299e-10,313.698
-2.28228e-10,-3.21642e-10,305.853
-2.27528e-10,-3.00484e-10,298
-2.3189e-10,-2.80048e-10,290.147
-2.37702e-10,-2.60265e-10,282.302
-2.20829e-10,-2.4891e-10,274.473
-2.40847e-10,-2.50118e-10,266.667
-2.36804e-10,-2.69468e-10,258.891
-2.389e-10,-2.50104e-10,251.155
-2.31031e-10,-2.32608e-10,243.464
-2.24272e-10,-2.14971e-10,235.828
-2.20641e-10,-2.33203e-10,228.252
-2.03865e-10,-2.25922e-10,220.746
-2.00623e-10,-2.08232e-10,213.316
-1.83164e-10,-2.0545e-10,205.969
-1.96949e-10,-2.16022e-10,198.713
-2.14001e-10,-2.16671e-10,191.555
-2.09413e-10,-2.00557e-10,184.502
-2.02251e-10,-2.15358e-10,177.562
-1.92476e-10,-2.28189e-10,170.74
-2.01197e-10,-2.41385e-10,164.043
-1.92776e-10,-2.28367e-10,157.479
-1.85843e-10,-2.41883e-10,151.054
-1.72128e-10,-2.47648e-10,144.773
-1.73189e-10,-2.62174e-10,138.644
-1.65341e-10,-2.50276e-10,132.672
-1.52747e-10,-2.56259e-10,126.863
-1.58098e-10,-2.68799e-10,121.223
-1.70224e-10,-2.63269e-10,115.758
-1.58527e-10,-2.68995e-10,110.472
-1.57665e-10,-2.56302e-10,105.372
-1.67235e-10,-2.48377e-10,100.461
-1.78413e-10,-2.53097e-10,95.7458
-1.8427e-10,-2.42802e-10,91.2299
-1.94351e-10,-2.48465e-10,86.918
-2.05163e-10,-2.51697e-10,82.8145
-2.15432e-10,-2.55685e-10,78.9233
-2.25026e-10,-2.50828e-10,75.2484
-2.18849e-10,-2.59319e-10,71.7932
-2.27407e-10,-2.64972e-10,68.5613
-2.23954e-10,-2.74381e-10,65.5559
-2.23695e-10,-2.64583e-10,62.7798
-2.23173e-10,-2.55006e-10,60.2359
-2.14079e-10,-2.57367e-10,57.9266
-2.17716e-10,-2.65832e-10,55.8542
-2.09955e-10,-2.70481e-10,54.0208
-2.10379e-10,-2.61594e-10,52.4282
-2.04255e-10,-2.55323e-10,51.0779
-2.12297e-10,-2.58511e-10,49.9713
-2.03752e-10,-2.58066e-10,49.1095
-1.9764e-10,-2.52184e-10,48.4933
-1.9381e-10,-2.59693e-10,48.1234
-1.85429e-10,-2.59164e-10,48
-1.93791e-10,-2.59805e-10,48.1234
-1.90296e-10,-2.5217e-10,48.4933
-1.93883e-10,-2.44542e-10,49.1095
-1.99362e-10,-2.51018e-10,49.9713
-1.93673e-10,-2.5741e-10,51.0779
-2.00914e-10,-2.62144e-10,52.4282
-2.07726e-10,-2.56628e-10,54.0208
-2.13458e-10,-2.63432e-10,55.8542
-2.22421e-10,-2.62206e-10,57.9266
-2.16345e-10,-2.69131e-10,60.2359
-2.19044e-10,-2.7813e-10,62.7798
-2.10898e-10,-2.83194e-10,65.5559
-2.10316e-10,-2.7341e-10,68.5613
-2.13804e-10,-2.82807e-10,71.7932
-2.21001e-10,-2.75499e-10,75.2484
-2.25005e-10,-2.65792e-10,78.9233
-2.2323e-10,-2.55186e-10,82.8145
-2.2159e-10,-2.44293e-10,86.918
-2.16743e-10,-2.54485e-10,91.2299
-2.25736e-10,-2.61751e-10,95.7458
-2.34051e-10,-2.53315e-10,100.461
-2.40468e-10,-2.43018e-10,105.372
-2.50724e-10,-2.36003e-10,110.472
-2.42358e-10,-2.45589e-10,115.758
-2.39481e-10,-2.58291e-10,121.223
-2.26411e-10,-2.55683e-10,126.863
-2.17007e-10,-2.65554e-10,132.672
-2.16141e-10,-2.51638e-10,138.644
-2.30352e-10,-2.52725e-10,144.773
-2.42755e-10,-2.60361e-10,151.054
-2.41937e-10,-2.75216e-10,157.479
-2.49156e-10,-2.6185e-10,164.043
-2.56482e-10,-2.48187e-10,170.74
-2.65393e-10,-2.35119e-10,177.562
-2.75325e-10,-2.47829e-10,184.502
-2.6098e-10,-2.39793e-10,191.555
-2.45438e-10,-2.46048e-10,198.713
-2.60853e-10,-2.53365e-10,205.969
-2.44491e-10,-2.59202e-10,213.316
-2.50776e-10,-2.42678e-10,220.746
-2.32797e-10,-2.42238e-10,228.252
-2.45047e-10,-2.2866e-10,235.828
-2.37167e-10,-2.11823e-10,243.464
-2.25382e-10,-2.26583e-10,251.155
-2.32248e-10,-2.44495e-10,258.891
-2.16176e-10,-2.33493e-10,266.667
-2.20722e-10,-2.52731e-10,274.473
-2.39262e-10,-2.60376e-10,282.302
-2.50984e-10,-2.76996e-10,290.147
-2.41381e-10,-2.5875e-10,298
-2.30384e-10,-2.76519e-10,305.853
-2.40295e-10,-2.95225e-10,313.698
-2.18939e-10,-2.97112e-10,321.527
-2.21979e-10,-2.7562e-10,329.333
-2.37686e-10,-2.90978e-10,337.109
-2.46134e-10,-2.70421e-10,344.845
-2.45151e-10,-2.92879e-10,352.536
-2.40982e-10,-2.70536e-10,360.172
-2.36848e-10,-2.47938e-10,367.748
-2.26248e-10,-2.6859e-10,375.254
-2.20434e-10,-2.91307e-10,382.684
-2.43439e-10,-2.85692e-10,390.031
-2.39995e-10,-2.62035e-10,397.287
-2.23723e-10,-2.44221e-10,404.445
-2.10813e-10,-2.6486e-10,411.498
-2.35281e-10,-2.62788e-10,418.438
-2.59126e-10,-2.6946e-10,425.26
-2.74449e-10,-2.49754e-10,431.957
-2.97416e-10,-2.60022e-10,438.521
-2.73045e-10,-2.53051e-10,444.946
-2.64368e-10,-2.29037e-10,451.227
-2.68657e-10,-2.03684e-10,457.356
-2.44861e-10,-1.93491e-10,463.328
-2.70519e-10,-1.88957e-10,469.137
-2.91825e-10,-2.04236e-10,474.777
-3.07811e-10,-2.25216e-10,480.242
-3.27802e-10,-2.42652e-10,485.528
-3.01649e-10,-2.37415e-10,490.628
-3.12083e-10,-2.62114e-10,495.539
-2.91835e-10,-2.44333e-10,500.254
-3.12634e-10,-2.61666e-10,504.77
-2.90689e-10,-2.7773e-10,509.082
-2.83598e-10,-3.04105e-10,513.186
-2.88315e-10,-3.31119e-10,517.077
-2.71224e-10,-3.52695e-10,520.752
-2.67363e-10,-3.25343e-10,524.207
-2.83255e-10,-3.48049e-10,527.439
-2.82983e-10,-3.75848e-10,530.444
-3.06612e-10,-3.61051e-10,533.22
-2.78668e-10,-3.60372e-10,535.764
-2.51906e-10,-3.52077e-10,538.073
-2.24575e-10,-3.58518e-10,540.146
-2.02289e-10,-3.75688e-10,541.979
-1.74597e-10,-3.70466e-10,543.572
-2.00247e-10,-3.82237e-10,544.922
-2.20172e-10,-3.622e-10,546.029
-1.99284e-10,-3.43127e-10,546.89
-2.27451e-10,-3.40305e-10,547.507
-2.51364e-10,-3.25126e-10,547.877
-2.7138e-10,-3.4518e-10,548
-2.49013e-10,-3.62578e-10,547.877
-2.70445e-10,-3.81112e-10,547.507
-2.63956e-10,-4.08683e-10,546.89
-2.91653e-10,-4.14533e-10,546.029
-3.04135e-10,-3.8915e-10,544.922
-3.01737e-10,-3.60995e-10,543.572
-3.2985e-10,-3.63481e-10,541.979
-3.57079e-10,-3.56222e-10,540.146
-3.82506e-10,-3.68261e-10,538.073
-4.08202e-10,-3.56942e-10,535.764
-4.33661e-10,-3.68641e-10,533.22
-4.34577e-10,-3.96578e-10,530.444
-4.54636e-10,-4.15941e-10,527.439
-4.33029e-10,-3.98448e-10,524.207
-4.5701e-10,-3.84555e-10,520.752
-4.29598e-10,-3.87964e-10,517.077
-4.03428e-10,-3.79431e-10,513.186
-3.85664e-10,-3.58541e-10,509.082
-3.86942e-10,-3.85823e-10,504.77
-3.62231e-10,-3.74465e-10,500.254
-3.85978e-10,-3.61462e-10,495.539
-4.07445e-10,-3.45175e-10,490.628
-4.30355e-10,-3.31244e-10,485.528
-4.04535e-10,-3.24552e-10,480.242
-4.27855e-10,-3.11907e-10,474.777
-4.52589e-10,-3.02749e-10,469.137
-4.27721e-10,-3.11053e-10,463.328
-4.05916e-10,-3.25317e-10,457.356
-4.28025e-10,-3.11851e-10,451.227
-4.11268e-10,-2.92347e-10,444.946
-3.89584e-10,-2.78865e-10,438.521
-3.64262e-10,-2.77714e-10,431.957
-3.88978e-10,-2.82408e-10,425.26
-4.10891e-10,-2.94365e-10,418.438
-4.27427e-10,-3.12795e-10,411.498
-4.09696e-10,-2.95808e-10,404.445
-4.30749e-10,-3.08031e-10,397.287
-4.54726e-10,-3.10725e-10,390.031
-4.36206e-10,-3.25842e-10,382.684
-4.30063e-10,-3.48712e-10,375.254
-4.18639e-10,-3.28234e-10,367.748
-4.41844e-10,-3.28853e-10,360.172
-4.32154e-10,-3.49683e-10,352.536
-4.12557e-10,-3.61193e-10,344.845
-4.34043e-10,-3.54587e-10,337.109
-4.505e-10,-3.69525e-10,329.333
-4.28564e-10,-3.68337e-10,321.527
-4.30599e-10,-3.89947e-10,313.698
-4.15095e-10,-3.75139e-10,305.853
-4.33243e-10,-3.64239e-10,298
-4.31572e-10,-3.85068e-10,290.147
-4.50866e-10,-3.77797e-10,282.302
-4.71194e-10,-3.78472e-10,274.473
-4.62441e-10,-3.60428e-10,266.667
-4.71162e-10,-3.78167e-10,258.891
-4.51744e-10,-3.76662e-10,251.155
-4.33876e-10,-3.83645e-10,243.464
-4.526e-10,-3.81166e-10,235.828
-4.70566e-10,-3.76392e-10,228.252
-4.75806e-10,-3.93913e-10,220.746
-4.5978e-10,-4.02076e-10,213.316
-4.59056e-10,-4.19741e-10,205.969
-4.52834e-10,-4.35961e-10,198.713
-4.36452e-10,-4.31187e-10,191.555
-4.52778e-10,-4.34948e-10,184.502
-4.44608e-10,-4.20679e-10,177.562
-4.5176e-10,-4.35137e-10,170.74
-4.65598e-10,-4.27477e-10,164.043
-4.67568e-10,-4.12099e-10,157.479
-4.8103e-10,-4.05063e-10,151.054
-4.78167e-10,-3.90463e-10,144.773
-4.76245e-10,-4.04901e-10,138.644
-4.81039e-10,-3.91478e-10,132.672
-4.8991e-10,-3.80721e-10,126.863
-5.02134e-10,-3.74682e-10,121.223
-4.88892e-10,-3.73171e-10,115.758
-4.80034e-10,-3.82718e-10,110.472
-4.68546e-10,-3.77251e-10,105.372
-4.67205e-10,-3.64897e-10,100.461
-4.73561e-10,-3.75232e-10,95.7458
-4.84834e-10,-3.71599e-10,91.2299
-4.96113e-10,-3.69054e-10,86.918
-4.86982e-10,-3.75686e-10,82.8145
-4.94817e-10,-3.83429e-10,78.9233
-5.05528e-10,-3.84387e-10,75.2484
-4.95952e-10,-3.80079e-10,71.7932
-4.86678e-10,-3.84459e-10,68.5613
-4.94772e-10,-3.90371e-10,65.5559
-4.85305e-10,-3.92905e-10,62.7798
-4.94852e-10,-3.93824e-10,60.2359
-4.86321e-10,-3.89887e-10,57.9266
-4.94954e-10,-3.86668e-10,55.8542
-4.97002e-10,-3.9548e-10,54.0208
-4.92813e-10,-3.87631e-10,52.4282
-4.95442e-10,-3.7927e-10,51.0779
-5.04092e-10,-3.79369e-10,49.9713
-5.05824e-10,-3.70989e-10,49.1095
-4.98484e-10,-3.75242e-10,48.4933
-5.01454e-10,-3.67353e-10,48.1234
-5.03539e-10,-3.75487e-10,48
-4.98662e-10,-3.82309e-10,48.1234
-5.05654e-10,-3.86959e-10,48.4933
-5.13665e-10,-3.84336e-10,49.1095
-5.05182e-10,-3.84389e-10,49.9713
-5.12256e-10,-3.79574e-10,51.0779
-5.04957e-10,-3.74931e-10,52.4282
-5.08967e-10,-3.82724e-10,54.0208
-5.02976e-10,-3.76147e-10,55.8542
-5.1149e-10,-3.79205e-10,57.9266
-5.02433e-10,-3.80893e-10,60.2359
-4.9803e-10,-3.72594e-10,62.7798
-4.92131e-10,-3.65031e-10,65.5559
-4.8985e-10,-3.74563e-10,68.5613
-4.88518e-10,-3.84497e-10,71.7932
-4.88945e-10,-3.94745e-10,75.2484
-4.82777e-10,-4.03243e-10,78.9233
-4.91421e-10,-4.09641e-10,82.8145
-4.80449e-10,-4.1063e-10,86.918
-4.91506e-10,-4.08369e-10,91.2299
-4.80684e-10,-4.12439e-10,95.7458
-4.76626e-10,-4.23567e-10,100.461
-4.80615e-10,-4.35025e-10,105.372
-4.68192e-10,-4.34759e-10,110.472
-4.58808e-10,-4.26168e-10,115.758
-4.45864e-10,-4.27606e-10,121.223
-4.3296e-10,-4.30941e-10,126.863
-4.42559e-10,-4.40624e-10,132.672
-4.30454e-10,-4.33704e-10,138.644
-4.19464e-10,-4.24628e-10,144.773
-4.33885e-10,-4.22589e-10,151.054
-4.27725e-10,-4.36131e-10,157.479
-4.36426e-10,-4.23679e-10,164.043
-4.33495e-10,-4.08455e-10,170.74
-4.24427e-10,-3.95496e-10,177.562
-4.40452e-10,-3.9733e-10,184.502
-4.54702e-10,-3.89127e-10,191.555
-4.60885e-10,-3.73556e-10,198.713
-4.53819e-10,-3.89088e-10,205.969
-4.6378e-10,-3.74855e-10,213.316
-4.57563e-10,-3.58305e-10,220.746
-4.75487e-10,-3.56827e-10,228.252
-4.90139e-10,-3.45883e-10,235.828
-5.05731e-10,-3.35762e-10,243.464
-5.21383e-10,-3.46334e-10,251.155
-5.40356e-10,-3.49171e-10,258.891
-5.59484e-10,-3.5284e-10,266.667
-5.74084e-10,-3.39514e-10,274.473
-5.94117e-10,-3.40433e-10,282.302
-5.82207e-10,-3.23947e-10,290.147
