i,j,u,v
-2.5,-2.5,-2.17559,-2.11177
-2.5,-2.4,-2.13946,-2.07022
-2.5,-2.3,-2.10222,-2.02685
-2.5,-2.2,-2.06381,-1.98147
-2.5,-2.1,-2.02422,-1.93389
-2.5,-2,-1.9834,-1.88387
-2.5,-1.9,-1.94137,-1.83116
-2.5,-1.8,-1.89812,-1.77543
-2.5,-1.7,-1.85371,-1.71631
-2.5,-1.6,-1.80825,-1.65336
-2.5,-1.5,-1.76193,-1.58601
-2.5,-1.4,-1.71505,-1.5136
-2.5,-1.3,-1.66811,-1.43527
-2.5,-1.2,-1.62186,-1.34993
-2.5,-1.1,-1.5774,-1.25615
-2.5,-1,-1.53619,-1.15201
-2.5,-0.9,-1.49974,-1.03485
-2.5,-0.8,-1.46764,-0.900787
-2.5,-0.7,-1.42877,-0.74398
-2.5,-0.6,-1.3264,-0.554997
-2.5,-0.5,-0.961288,-0.317454
-2.5,-0.4,1.42109e-14,3.9968e-15
-2.5,-0.3,1.61927,0.465363
-2.5,-0.2,3.88156,1.25276
-2.5,0.2,3.88156,1.25276
-2.5,0.3,1.61927,0.465363
-2.5,0.4,-1.5099e-14,-4.44089e-15
-2.5,0.5,-0.961288,-0.317454
-2.5,0.6,-1.3264,-0.554997
-2.5,0.7,-1.42877,-0.74398
-2.5,0.8,-1.46764,-0.900787
-2.5,0.9,-1.49974,-1.03485
-2.5,1,-1.53619,-1.15201
-2.5,1.1,-1.5774,-1.25615
-2.5,1.2,-1.62186,-1.34993
-2.5,1.3,-1.66811,-1.43527
-2.5,1.4,-1.71505,-1.5136
-2.5,1.5,-1.76193,-1.58601
-2.5,1.6,-1.80825,-1.65336
-2.5,1.7,-1.85371,-1.71631
-2.5,1.8,-1.89812,-1.77543
-2.5,1.9,-1.94137,-1.83116
-2.5,2,-1.9834,-1.88387
-2.5,2.1,-2.02422,-1.93389
-2.5,2.2,-2.06381,-1.98147
-2.5,2.3,-2.10222,-2.02685
-2.5,2.4,-2.13946,-2.07022
-2.4,-2.5,-2.1366,-2.07022
-2.4,-2.4,-2.10061,-2.02862
-2.4,-2.3,-2.06353,-1.98518
-2.4,-2.2,-2.0253,-1.93972
-2.4,-2.1,-1.98591,-1.89205
-2.4,-2,-1.94532,-1.84193
-2.4,-1.9,-1.90354,-1.7891
-2.4,-1.8,-1.86058,-1.73323
-2.4,-1.7,-1.8165,-1.67395
-2.4,-1.6,-1.7714,-1.6108
-2.4,-1.5,-1.72548,-1.54322
-2.4,-1.4,-1.67902,-1.47052
-2.4,-1.3,-1.63251,-1.39185
-2.4,-1.2,-1.58663,-1.30607
-2.4,-1.1,-1.54231,-1.21174
-2.4,-1,-1.50067,-1.10689
-2.4,-0.9,-1.46231,-0.988782
-2.4,-0.8,-1.42454,-0.853442
-2.4,-0.7,-1.37027,-0.694843
-2.4,-0.6,-1.22946,-0.503258
-2.4,-0.5,-0.795426,-0.261786
-2.4,-0.4,0.212604,0.0618664
-2.4,-0.3,1.8232,0.537348
-2.4,-0.2,4.06371,1.34105
-2.4,0.2,4.06371,1.34105
-2.4,0.3,1.8232,0.537348
-2.4,0.4,0.212604,0.0618664
-2.4,0.5,-0.795426,-0.261786
-2.4,0.6,-1.22946,-0.503258
-2.4,0.7,-1.37027,-0.694843
-2.4,0.8,-1.42454,-0.853442
-2.4,0.9,-1.46231,-0.988782
-2.4,1,-1.50067,-1.10689
-2.4,1.1,-1.54231,-1.21174
-2.4,1.2,-1.58663,-1.30607
-2.4,1.3,-1.63251,-1.39185
-2.4,1.4,-1.67902,-1.47052
-2.4,1.5,-1.72548,-1.54322
-2.4,1.6,-1.7714,-1.6108
-2.4,1.7,-1.8165,-1.67395
-2.4,1.8,-1.86058,-1.73323
-2.4,1.9,-1.90354,-1.7891
-2.4,2,-1.94532,-1.84193
-2.4,2.1,-1.98591,-1.89205
-2.4,2.2,-2.0253,-1.93972
-2.4,2.3,-2.06353,-1.98518
-2.4,2.4,-2.10061,-2.02862
-2.3,-2.5,-2.09597,-2.02685
-2.3,-2.4,-2.06014,-1.98518
-2.3,-2.3,-2.02322,-1.94166
-2.3,-2.2,-1.98518,-1.89611
-2.3,-2.1,-1.94599,-1.84834
-2.3,-2,-1.90564,-1.79811
-2.3,-1.9,-1.86412,-1.74514
-2.3,-1.8,-1.82145,-1.68912
-2.3,-1.7,-1.77769,-1.62965
-2.3,-1.6,-1.73294,-1.56628
-2.3,-1.5,-1.6874,-1.49844
-2.3,-1.4,-1.64133,-1.42542
-2.3,-1.3,-1.59517,-1.34635
-2.3,-1.2,-1.5495,-1.26008
-2.3,-1.1,-1.50507,-1.16514
-2.3,-1,-1.46249,-1.05948
-2.3,-0.9,-1.42126,-0.940316
-2.3,-0.8,-1.37586,-0.803542
-2.3,-0.7,-1.30246,-0.642942
-2.3,-0.6,-1.11812,-0.448469
-2.3,-0.5,-0.616247,-0.202663
-2.3,-0.4,0.430668,0.127751
-2.3,-0.3,2.03158,0.614088
-2.3,-0.2,4.25177,1.43481
-2.3,0.2,4.25177,1.43481
-2.3,0.3,2.03158,0.614088
-2.3,0.4,0.430668,0.127751
-2.3,0.5,-0.616247,-0.202663
-2.3,0.6,-1.11812,-0.448469
-2.3,0.7,-1.30246,-0.642942
-2.3,0.8,-1.37586,-0.803542
-2.3,0.9,-1.42126,-0.940316
-2.3,1,-1.46249,-1.05948
-2.3,1.1,-1.50507,-1.16514
-2.3,1.2,-1.5495,-1.26008
-2.3,1.3,-1.59517,-1.34635
-2.3,1.4,-1.64133,-1.42542
-2.3,1.5,-1.6874,-1.49844
-2.3,1.6,-1.73294,-1.56628
-2.3,1.7,-1.77769,-1.62965
-2.3,1.8,-1.82145,-1.68912
-2.3,1.9,-1.86412,-1.74514
-2.3,2,-1.90564,-1.79811
-2.3,2.1,-1.94599,-1.84834
-2.3,2.2,-1.98518,-1.89611
-2.3,2.3,-2.02322,-1.94166
-2.3,2.4,-2.06014,-1.98518
-2.2,-2.5,-2.05357,-1.98147
-2.2,-2.4,-2.01788,-1.93972
-2.2,-2.3,-1.98114,-1.89611
-2.2,-2.2,-1.94329,-1.85047
-2.2,-2.1,-1.90432,-1.80258
-2.2,-2,-1.8642,-1.75222
-2.2,-1.9,-1.82294,-1.6991
-2.2,-1.8,-1.78056,-1.64289
-2.2,-1.7,-1.73711,-1.58322
-2.2,-1.6,-1.6927,-1.5196
-2.2,-1.5,-1.64749,-1.45145
-2.2,-1.4,-1.60175,-1.37808
-2.2,-1.3,-1.55582,-1.29856
-2.2,-1.2,-1.51018,-1.21174
-2.2,-1.1,-1.46528,-1.11609
-2.2,-1,-1.42111,-1.00954
-2.2,-0.9,-1.37575,-0.889176
-2.2,-0.8,-1.32034,-0.750791
-2.2,-0.7,-1.22355,-0.587952
-2.2,-0.6,-0.990989,-0.390263
-2.2,-0.5,-0.423887,-0.139668
-2.2,-0.4,0.654658,0.198134
-2.2,-0.3,2.24518,0.696113
-2.2,-0.2,4.44641,1.53458
-2.2,0.2,4.44641,1.53458
-2.2,0.3,2.24518,0.696113
-2.2,0.4,0.654658,0.198134
-2.2,0.5,-0.423887,-0.139668
-2.2,0.6,-0.990989,-0.390263
-2.2,0.7,-1.22355,-0.587952
-2.2,0.8,-1.32034,-0.750791
-2.2,0.9,-1.37575,-0.889176
-2.2,1,-1.42111,-1.00954
-2.2,1.1,-1.46528,-1.11609
-2.2,1.2,-1.51018,-1.21174
-2.2,1.3,-1.55582,-1.29856
-2.2,1.4,-1.60175,-1.37808
-2.2,1.5,-1.64749,-1.45145
-2.2,1.6,-1.6927,-1.5196
-2.2,1.7,-1.73711,-1.58322
-2.2,1.8,-1.78056,-1.64289
-2.2,1.9,-1.82294,-1.6991
-2.2,2,-1.8642,-1.75222
-2.2,2.1,-1.90432,-1.80258
-2.2,2.2,-1.94329,-1.85047
-2.2,2.3,-1.98114,-1.89611
-2.2,2.4,-2.01788,-1.93972
-2.1,-2.5,-2.0092,-1.93389
-2.1,-2.4,-1.97368,-1.89205
-2.1,-2.3,-1.93711,-1.84834
-2.1,-2.2,-1.89946,-1.80258
-2.1,-2.1,-1.8607,-1.75456
-2.1,-2,-1.82082,-1.70405
-2.1,-1.9,-1.77982,-1.65075
-2.1,-1.8,-1.73772,-1.59435
-2.1,-1.7,-1.69457,-1.53443
-2.1,-1.6,-1.65046,-1.47052
-2.1,-1.5,-1.60554,-1.40204
-2.1,-1.4,-1.56002,-1.32825
-2.1,-1.3,-1.51417,-1.24823
-2.1,-1.2,-1.46828,-1.16078
-2.1,-1.1,-1.42243,-1.06434
-2.1,-1,-1.37581,-0.956754
-2.1,-0.9,-1.32473,-0.835044
-2.1,-0.8,-1.2564,-0.694843
-2.1,-0.7,-1.13155,-0.529488
-2.1,-0.6,-0.846762,-0.328206
-2.1,-0.5,-0.218461,-0.0723072
-2.1,-0.4,0.88516,0.273573
-2.1,-0.3,2.46483,0.784033
-2.1,-0.2,4.64837,1.64095
-2.1,0.2,4.64837,1.64095
-2.1,0.3,2.46483,0.784033
-2.1,0.4,0.88516,0.273573
-2.1,0.5,-0.218461,-0.0723072
-2.1,0.6,-0.846762,-0.328206
-2.1,0.7,-1.13155,-0.529488
-2.1,0.8,-1.2564,-0.694843
-2.1,0.9,-1.32473,-0.835044
-2.1,1,-1.37581,-0.956754
-2.1,1.1,-1.42243,-1.06434
-2.1,1.2,-1.46828,-1.16078
-2.1,1.3,-1.51417,-1.24823
-2.1,1.4,-1.56002,-1.32825
-2.1,1.5,-1.60554,-1.40204
-2.1,1.6,-1.65046,-1.47052
-2.1,1.7,-1.69457,-1.53443
-2.1,1.8,-1.73772,-1.59435
-2.1,1.9,-1.77982,-1.65075
-2.1,2,-1.82082,-1.70405
-2.1,2.1,-1.8607,-1.75456
-2.1,2.2,-1.89946,-1.80258
-2.1,2.3,-1.93711,-1.84834
-2.1,2.4,-1.97368,-1.89205
-2,-2.5,-1.96269,-1.88387
-2,-2.4,-1.92733,-1.84193
-2,-2.3,-1.89094,-1.79811
-2,-2.2,-1.85349,-1.75222
-2,-2.1,-1.81494,-1.70405
-2,-2,-1.77529,-1.65336
-2,-1.9,-1.73454,-1.59986
-2,-1.8,-1.6927,-1.54322
-2,-1.7,-1.64981,-1.48303
-2,-1.6,-1.60595,-1.4188
-2,-1.5,-1.56124,-1.34993
-2,-1.4,-1.51581,-1.27566
-2,-1.3,-1.46982,-1.19506
-2,-1.2,-1.42331,-1.10689
-2,-1.1,-1.37586,-1.00954
-2,-1,-1.32567,-0.900787
-2,-0.9,-1.26686,-0.777543
-2,-0.8,-1.18213,-0.635284
-2,-0.7,-1.02422,-0.467092
-2,-0.6,-0.684313,-0.261786
-2,-0.5,1.08802e-14,3.55271e-15
-2,-0.4,1.12289,0.35472
-2,-0.3,2.69145,0.87855
-2,-0.2,4.85848,1.75462
-2,0.2,4.85848,1.75462
-2,0.3,2.69145,0.87855
-2,0.4,1.12289,0.35472
-2,0.5,-9.10383e-15,-3.10862e-15
-2,0.6,-0.684313,-0.261786
-2,0.7,-1.02422,-0.467092
-2,0.8,-1.18213,-0.635284
-2,0.9,-1.26686,-0.777543
-2,1,-1.32567,-0.900787
-2,1.1,-1.37586,-1.00954
-2,1.2,-1.42331,-1.10689
-2,1.3,-1.46982,-1.19506
-2,1.4,-1.51581,-1.27566
-2,1.5,-1.56124,-1.34993
-2,1.6,-1.60595,-1.4188
-2,1.7,-1.64981,-1.48303
-2,1.8,-1.6927,-1.54322
-2,1.9,-1.73454,-1.59986
-2,2,-1.77529,-1.65336
-2,2.1,-1.81494,-1.70405
-2,2.2,-1.85349,-1.75222
-2,2.3,-1.89094,-1.79811
-2,2.4,-1.92733,-1.84193
-1.9,-2.5,-1.91379,-1.83116
-1.9,-2.4,-1.8786,-1.7891
-1.9,-2.3,-1.84238,-1.74514
-1.9,-2.2,-1.80512,-1.6991
-1.9,-2.1,-1.76679,-1.65075
-1.9,-2,-1.72736,-1.59986
-1.9,-1.9,-1.68683,-1.54613
-1.9,-1.8,-1.64522,-1.48922
-1.9,-1.7,-1.60255,-1.42871
-1.9,-1.6,-1.55886,-1.36411
-1.9,-1.5,-1.51422,-1.29478
-1.9,-1.4,-1.4687,-1.21997
-1.9,-1.3,-1.42225,-1.1387
-1.9,-1.2,-1.37461,-1.04971
-1.9,-1.1,-1.32471,-0.951307
-1.9,-1,-1.26947,-0.841217
-1.9,-0.9,-1.20042,-0.716223
-1.9,-0.8,-1.09522,-0.571621
-1.9,-0.7,-0.899217,-0.400219
-1.9,-0.6,-0.502686,-0.190389
-1.9,-0.5,0.231602,0.0779433
-1.9,-0.4,1.36871,0.442343
-1.9,-0.3,2.92607,0.980479
-1.9,-0.2,5.0777,1.87637
-1.9,0.2,5.0777,1.87637
-1.9,0.3,2.92607,0.980479
-1.9,0.4,1.36871,0.442343
-1.9,0.5,0.231602,0.0779433
-1.9,0.6,-0.502686,-0.190389
-1.9,0.7,-0.899217,-0.400219
-1.9,0.8,-1.09522,-0.571621
-1.9,0.9,-1.20042,-0.716223
-1.9,1,-1.26947,-0.841217
-1.9,1.1,-1.32471,-0.951307
-1.9,1.2,-1.37461,-1.04971
-1.9,1.3,-1.42225,-1.1387
-1.9,1.4,-1.4687,-1.21997
-1.9,1.5,-1.51422,-1.29478
-1.9,1.6,-1.55886,-1.36411
-1.9,1.7,-1.60255,-1.42871
-1.9,1.8,-1.64522,-1.48922
-1.9,1.9,-1.68683,-1.54613
-1.9,2,-1.72736,-1.59986
-1.9,2.1,-1.76679,-1.65075
-1.9,2.2,-1.80512,-1.6991
-1.9,2.3,-1.84238,-1.74514
-1.9,2.4,-1.8786,-1.7891
-1.8,-2.5,-1.86222,-1.77543
-1.8,-2.4,-1.82719,-1.73323
-1.8,-2.3,-1.79116,-1.68912
-1.8,-2.2,-1.75408,-1.64289
-1.8,-2.1,-1.71594,-1.59435
-1.8,-2,-1.6767,-1.54322
-1.8,-1.9,-1.63637,-1.48922
-1.8,-1.8,-1.59494,-1.432
-1.8,-1.7,-1.5524,-1.37112
-1.8,-1.6,-1.50877,-1.30607
-1.8,-1.5,-1.46404,-1.23622
-1.8,-1.4,-1.41813,-1.16078
-1.8,-1.3,-1.3708,-1.07874
-1.8,-1.2,-1.32132,-0.988782
-1.8,-1.1,-1.26783,-0.889176
-1.8,-1,-1.20565,-0.777543
-1.8,-0.9,-1.12324,-0.650537
-1.8,-0.8,-0.992961,-0.503258
-1.8,-0.7,-0.754105,-0.328206
-1.8,-0.6,-0.301083,-0.113278
-1.8,-0.5,0.47664,0.162347
-1.8,-0.4,1.62366,0.537348
-1.8,-0.3,3.16987,1.09077
-1.8,-0.2,5.30714,2.0071
-1.8,0.2,5.30714,2.0071
-1.8,0.3,3.16987,1.09077
-1.8,0.4,1.62366,0.537348
-1.8,0.5,0.47664,0.162347
-1.8,0.6,-0.301083,-0.113278
-1.8,0.7,-0.754105,-0.328206
-1.8,0.8,-0.992961,-0.503258
-1.8,0.9,-1.12324,-0.650537
-1.8,1,-1.20565,-0.777543
-1.8,1.1,-1.26783,-0.889176
-1.8,1.2,-1.32132,-0.988782
-1.8,1.3,-1.3708,-1.07874
-1.8,1.4,-1.41813,-1.16078
-1.8,1.5,-1.46404,-1.23622
-1.8,1.6,-1.50877,-1.30607
-1.8,1.7,-1.5524,-1.37112
-1.8,1.8,-1.59494,-1.432
-1.8,1.9,-1.63637,-1.48922
-1.8,2,-1.6767,-1.54322
-1.8,2.1,-1.71594,-1.59435
-1.8,2.2,-1.75408,-1.64289
-1.8,2.3,-1.79116,-1.68912
-1.8,2.4,-1.82719,-1.73323
-1.7,-2.5,-1.80766,-1.71631
-1.7,-2.4,-1.77278,-1.67395
-1.7,-2.3,-1.73691,-1.62965
-1.7,-2.2,-1.7,-1.58322
-1.7,-2.1,-1.66202,-1.53443
-1.7,-2,-1.62295,-1.48303
-1.7,-1.9,-1.58276,-1.42871
-1.7,-1.8,-1.54142,-1.37112
-1.7,-1.7,-1.4989,-1.3098
-1.7,-1.6,-1.45516,-1.24424
-1.7,-1.5,-1.41007,-1.17378
-1.7,-1.4,-1.36339,-1.0976
-1.7,-1.3,-1.31457,-1.01465
-1.7,-1.2,-1.26231,-0.923581
-1.7,-1.1,-1.20371,-0.822572
-1.7,-1,-1.13214,-0.709151
-1.7,-0.9,-1.03259,-0.579823
-1.7,-0.8,-0.8722,-0.429467
-1.7,-0.7,-0.586468,-0.25025
-1.7,-0.6,-0.0788046,-0.0295579
-1.7,-0.5,0.735651,0.254205
-1.7,-0.4,1.88895,0.640814
-1.7,-0.3,3.42418,1.21052
-1.7,-0.2,5.54808,2.14787
-1.7,0.2,5.54808,2.14787
-1.7,0.3,3.42418,1.21052
-1.7,0.4,1.88895,0.640814
-1.7,0.5,0.735651,0.254205
-1.7,0.6,-0.0788046,-0.0295579
-1.7,0.7,-0.586468,-0.25025
-1.7,0.8,-0.8722,-0.429467
-1.7,0.9,-1.03259,-0.579823
-1.7,1,-1.13214,-0.709151
-1.7,1.1,-1.20371,-0.822572
-1.7,1.2,-1.26231,-0.923581
-1.7,1.3,-1.31457,-1.01465
-1.7,1.4,-1.36339,-1.0976
-1.7,1.5,-1.41007,-1.17378
-1.7,1.6,-1.45516,-1.24424
-1.7,1.7,-1.4989,-1.3098
-1.7,1.8,-1.54142,-1.37112
-1.7,1.9,-1.58276,-1.42871
-1.7,2,-1.62295,-1.48303
-1.7,2.1,-1.66202,-1.53443
-1.7,2.2,-1.7,-1.58322
-1.7,2.3,-1.73691,-1.62965
-1.7,2.4,-1.77278,-1.67395
-1.6,-2.5,-1.74969,-1.65336
-1.6,-2.4,-1.71495,-1.6108
-1.6,-2.3,-1.67922,-1.56628
-1.6,-2.2,-1.64244,-1.5196
-1.6,-2.1,-1.60459,-1.47052
-1.6,-2,-1.56561,-1.4188
-1.6,-1.9,-1.52547,-1.36411
-1.6,-1.8,-1.48411,-1.30607
-1.6,-1.7,-1.44144,-1.24424
-1.6,-1.6,-1.39732,-1.17808
-1.6,-1.5,-1.35151,-1.10689
-1.6,-1.4,-1.30351,-1.02984
-1.6,-1.3,-1.25235,-0.945828
-1.6,-1.2,-1.19602,-0.853442
-1.6,-1.1,-1.13029,-0.750791
-1.6,-1,-1.04624,-0.635284
-1.6,-0.9,-0.925112,-0.503258
-1.6,-0.8,-0.729421,-0.349349
-1.6,-0.7,-0.393985,-0.165361
-1.6,-0.6,0.164839,0.0618664
-1.6,-0.5,1.00947,0.35472
-1.6,-0.4,2.16605,0.75403
-1.6,-0.3,3.69056,1.34105
-1.6,-0.2,5.80206,2.2999
-1.6,0.2,5.80206,2.2999
-1.6,0.3,3.69056,1.34105
-1.6,0.4,2.16605,0.75403
-1.6,0.5,1.00947,0.35472
-1.6,0.6,0.164839,0.0618664
-1.6,0.7,-0.393985,-0.165361
-1.6,0.8,-0.729421,-0.349349
-1.6,0.9,-0.925112,-0.503258
-1.6,1,-1.04624,-0.635284
-1.6,1.1,-1.13029,-0.750791
-1.6,1.2,-1.19602,-0.853442
-1.6,1.3,-1.25235,-0.945828
-1.6,1.4,-1.30351,-1.02984
-1.6,1.5,-1.35151,-1.10689
-1.6,1.6,-1.39732,-1.17808
-1.6,1.7,-1.44144,-1.24424
-1.6,1.8,-1.48411,-1.30607
-1.6,1.9,-1.52547,-1.36411
-1.6,2,-1.56561,-1.4188
-1.6,2.1,-1.60459,-1.47052
-1.6,2.2,-1.64244,-1.5196
-1.6,2.3,-1.67922,-1.56628
-1.6,2.4,-1.71495,-1.6108
-1.5,-2.5,-1.68781,-1.58601
-1.5,-2.4,-1.65318,-1.54322
-1.5,-2.3,-1.61755,-1.49844
-1.5,-2.2,-1.58085,-1.45145
-1.5,-2.1,-1.54305,-1.40204
-1.5,-2,-1.50408,-1.34993
-1.5,-1.9,-1.46386,-1.29478
-1.5,-1.8,-1.42228,-1.23622
-1.5,-1.7,-1.37919,-1.17378
-1.5,-1.6,-1.33434,-1.10689
-1.5,-1.5,-1.28726,-1.03485
-1.5,-1.4,-1.23716,-0.956754
-1.5,-1.3,-1.18251,-0.871481
-1.5,-1.2,-1.12034,-0.777543
-1.5,-1.1,-1.04484,-0.672956
-1.5,-1,-0.944462,-0.554997
-1.5,-0.9,-0.796712,-0.419819
-1.5,-0.8,-0.56081,-0.261786
-1.5,-0.7,-0.174479,-0.0723072
-1.5,-0.6,0.43065,0.162347
-1.5,-0.5,1.29928,0.465363
-1.5,-0.4,2.45674,0.87855
-1.5,-0.3,3.97087,1.48391
-1.5,-0.2,6.07087,2.46464
-1.5,0.2,6.07087,2.46464
-1.5,0.3,3.97087,1.48391
-1.5,0.4,2.45674,0.87855
-1.5,0.5,1.29928,0.465363
-1.5,0.6,0.43065,0.162347
-1.5,0.7,-0.174479,-0.0723072
-1.5,0.8,-0.56081,-0.261786
-1.5,0.9,-0.796712,-0.419819
-1.5,1,-0.944462,-0.554997
-1.5,1.1,-1.04484,-0.672956
-1.5,1.2,-1.12034,-0.777543
-1.5,1.3,-1.18251,-0.871481
-1.5,1.4,-1.23716,-0.956754
-1.5,1.5,-1.28726,-1.03485
-1.5,1.6,-1.33434,-1.10689
-1.5,1.7,-1.37919,-1.17378
-1.5,1.8,-1.42228,-1.23622
-1.5,1.9,-1.46386,-1.29478
-1.5,2,-1.50408,-1.34993
-1.5,2.1,-1.54305,-1.40204
-1.5,2.2,-1.58085,-1.45145
-1.5,2.3,-1.61755,-1.49844
-1.5,2.4,-1.65318,-1.54322
-1.4,-2.5,-1.62138,-1.5136
-1.4,-2.4,-1.58681,-1.47052
-1.4,-2.3,-1.55121,-1.42542
-1.4,-2.2,-1.51452,-1.37808
-1.4,-2.1,-1.47665,-1.32825
-1.4,-2,-1.43752,-1.27566
-1.4,-1.9,-1.39702,-1.21997
-1.4,-1.8,-1.35495,-1.16078
-1.4,-1.7,-1.31106,-1.0976
-1.4,-1.6,-1.26492,-1.02984
-1.4,-1.5,-1.21581,-0.956754
-1.4,-1.4,-1.16249,-0.877417
-1.4,-1.3,-1.10272,-0.790634
-1.4,-1.2,-1.03235,-0.694843
-1.4,-1.1,-0.943677,-0.587952
-1.4,-1,-0.822345,-0.467092
-1.4,-0.9,-0.64257,-0.328206
-1.4,-0.8,-0.362381,-0.165361
-1.4,-0.7,0.074111,0.0304581
-1.4,-0.6,0.719692,0.273573
-1.4,-0.5,1.60673,0.587949
-1.4,-0.4,2.76313,1.01626
-1.4,-0.3,4.26731,1.64095
-1.4,0.3,4.26731,1.64095
-1.4,0.4,2.76313,1.01626
-1.4,0.5,1.60673,0.587949
-1.4,0.6,0.719692,0.273573
-1.4,0.7,0.074111,0.0304581
-1.4,0.8,-0.362381,-0.165361
-1.4,0.9,-0.64257,-0.328206
-1.4,1,-0.822345,-0.467092
-1.4,1.1,-0.943677,-0.587952
-1.4,1.2,-1.03235,-0.694843
-1.4,1.3,-1.10272,-0.790634
-1.4,1.4,-1.16249,-0.877417
-1.4,1.5,-1.21581,-0.956754
-1.4,1.6,-1.26492,-1.02984
-1.4,1.7,-1.31106,-1.0976
-1.4,1.8,-1.35495,-1.16078
-1.4,1.9,-1.39702,-1.21997
-1.4,2,-1.43752,-1.27566
-1.4,2.1,-1.47665,-1.32825
-1.4,2.2,-1.51452,-1.37808
-1.4,2.3,-1.55121,-1.42542
-1.4,2.4,-1.58681,-1.47052
-1.3,-2.5,-1.54957,-1.43527
-1.3,-2.4,-1.51499,-1.39185
-1.3,-2.3,-1.47931,-1.34635
-1.3,-2.2,-1.44248,-1.29856
-1.3,-2.1,-1.40437,-1.24823
-1.3,-2,-1.36485,-1.19506
-1.3,-1.9,-1.32374,-1.1387
-1.3,-1.8,-1.28076,-1.07874
-1.3,-1.7,-1.23549,-1.01465
-1.3,-1.6,-1.18726,-0.945828
-1.3,-1.5,-1.13501,-0.871481
-1.3,-1.4,-1.07689,-0.790634
-1.3,-1.3,-1.00975,-0.702024
-1.3,-1.2,-0.928032,-0.604
-1.3,-1.1,-0.821898,-0.494347
-1.3,-1,-0.674279,-0.370029
-1.3,-0.9,-0.457182,-0.226752
-1.3,-0.8,-0.130097,-0.0582618
-1.3,-0.7,0.353828,0.144905
-1.3,-0.6,1.03346,0.397669
-1.3,-0.5,1.93397,0.724732
-1.3,-0.4,3.08787,1.16947
-1.3,-0.3,4.58257,1.81443
-1.3,0.3,4.58257,1.81443
-1.3,0.4,3.08787,1.16947
-1.3,0.5,1.93397,0.724732
-1.3,0.6,1.03346,0.397669
-1.3,0.7,0.353828,0.144905
-1.3,0.8,-0.130097,-0.0582618
-1.3,0.9,-0.457182,-0.226752
-1.3,1,-0.674279,-0.370029
-1.3,1.1,-0.821898,-0.494347
-1.3,1.2,-0.928032,-0.604
-1.3,1.3,-1.00975,-0.702024
-1.3,1.4,-1.07689,-0.790634
-1.3,1.5,-1.13501,-0.871481
-1.3,1.6,-1.18726,-0.945828
-1.3,1.7,-1.23549,-1.01465
-1.3,1.8,-1.28076,-1.07874
-1.3,1.9,-1.32374,-1.1387
-1.3,2,-1.36485,-1.19506
-1.3,2.1,-1.40437,-1.24823
-1.3,2.2,-1.44248,-1.29856
-1.3,2.3,-1.47931,-1.34635
-1.3,2.4,-1.51499,-1.39185
-1.2,-2.5,-1.47129,-1.34993
-1.2,-2.4,-1.43654,-1.30607
-1.2,-2.3,-1.40063,-1.26008
-1.2,-2.2,-1.36343,-1.21174
-1.2,-2.1,-1.32479,-1.16078
-1.2,-2,-1.28452,-1.10689
-1.2,-1.9,-1.24232,-1.04971
-1.2,-1.8,-1.19778,-0.988782
-1.2,-1.7,-1.15025,-0.923581
-1.2,-1.6,-1.09876,-0.853442
-1.2,-1.5,-1.04173,-0.777543
-1.2,-1.4,-0.976583,-0.694843
-1.2,-1.3,-0.899019,-0.604
-1.2,-1.2,-0.801836,-0.503258
-1.2,-1.1,-0.67305,-0.390263
-1.2,-1,-0.493424,-0.261786
-1.2,-0.9,-0.234485,-0.113278
-1.2,-0.8,0.140073,0.0618664
-1.2,-0.7,0.66691,0.273573
-1.2,-0.6,1.37411,0.537348
-1.2,-0.5,2.28389,0.87855
-1.2,-0.4,3.43419,1.34105
-1.2,-0.3,4.91995,2.0071
-1.2,0.3,4.91995,2.0071
-1.2,0.4,3.43419,1.34105
-1.2,0.5,2.28389,0.87855
-1.2,0.6,1.37411,0.537348
-1.2,0.7,0.66691,0.273573
-1.2,0.8,0.140073,0.0618664
-1.2,0.9,-0.234485,-0.113278
-1.2,1,-0.493424,-0.261786
-1.2,1.1,-0.67305,-0.390263
-1.2,1.2,-0.801836,-0.503258
-1.2,1.3,-0.899019,-0.604
-1.2,1.4,-0.976583,-0.694843
-1.2,1.5,-1.04173,-0.777543
-1.2,1.6,-1.09876,-0.853442
-1.2,1.7,-1.15025,-0.923581
-1.2,1.8,-1.19778,-0.988782
-1.2,1.9,-1.24232,-1.04971
-1.2,2,-1.28452,-1.10689
-1.2,2.1,-1.32479,-1.16078
-1.2,2.2,-1.36343,-1.21174
-1.2,2.3,-1.40063,-1.26008
-1.2,2.4,-1.43654,-1.30607
-1.1,-2.5,-1.385,-1.25615
-1.1,-2.4,-1.34987,-1.21174
-1.1,-2.3,-1.31343,-1.16514
-1.1,-2.2,-1.27552,-1.11609
-1.1,-2.1,-1.23591,-1.06434
-1.1,-2,-1.1943,-1.00954
-1.1,-1.9,-1.15025,-0.951307
-1.1,-1.8,-1.10315,-0.889176
-1.1,-1.7,-1.05206,-0.822572
-1.1,-1.6,-0.995553,-0.750791
-1.1,-1.5,-0.9314,-0.672956
-1.1,-1.4,-0.856082,-0.587952
-1.1,-1.3,-0.763983,-0.494347
-1.1,-1.2,-0.646179,-0.390263
-1.1,-1.1,-0.488843,-0.273183
-1.1,-1,-0.271714,-0.139668
-1.1,-0.9,0.0319752,0.0151135
-1.1,-0.8,0.452224,0.198134
-1.1,-0.7,1.01611,0.419783
-1.1,-0.6,1.74468,0.696113
-1.1,-0.5,2.66025,1.05301
-1.1,-0.4,3.80621,1.53458
-1.1,-0.3,5.28361,2.22239
-1.1,0.3,5.28361,2.22239
-1.1,0.4,3.80621,1.53458
-1.1,0.5,2.66025,1.05301
-1.1,0.6,1.74468,0.696113
-1.1,0.7,1.01611,0.419783
-1.1,0.8,0.452224,0.198134
-1.1,0.9,0.0319752,0.0151135
-1.1,1,-0.271714,-0.139668
-1.1,1.1,-0.488843,-0.273183
-1.1,1.2,-0.646179,-0.390263
-1.1,1.3,-0.763983,-0.494347
-1.1,1.4,-0.856082,-0.587952
-1.1,1.5,-0.9314,-0.672956
-1.1,1.6,-0.995553,-0.750791
-1.1,1.7,-1.05206,-0.822572
-1.1,1.8,-1.10315,-0.889176
-1.1,1.9,-1.15025,-0.951307
-1.1,2,-1.1943,-1.00954
-1.1,2.1,-1.23591,-1.06434
-1.1,2.2,-1.27552,-1.11609
-1.1,2.3,-1.31343,-1.16514
-1.1,2.4,-1.34987,-1.21174
-1,-2.5,-1.28851,-1.15201
-1,-2.4,-1.25264,-1.10689
-1,-2.3,-1.21522,-1.05948
-1,-2.2,-1.17602,-1.00954
-1,-2.1,-1.13471,-0.956754
-1,-2,-1.09083,-0.900787
-1,-1.9,-1.04376,-0.841217
-1,-1.8,-0.992566,-0.777543
-1,-1.7,-0.935912,-0.709151
-1,-1.6,-0.871783,-0.635284
-1,-1.5,-0.797137,-0.554997
-1,-1.4,-0.707349,-0.467092
-1,-1.3,-0.595409,-0.370029
-1,-1.2,-0.450897,-0.261786
-1,-1.1,-0.258963,-0.139668
-1,-1,7.32747e-15,3.55271e-15
-1,-0.9,0.348961,0.162347
-1,-0.8,0.810822,0.35472
-1,-0.7,1.40515,0.587949
-1,-0.6,2.14946,0.87855
-1,-0.5,3.06805,1.25276
-1,-0.4,4.20923,1.75462
-1,-0.3,5.67889,2.46464
-1,0.3,5.67889,2.46464
-1,0.4,4.20923,1.75462
-1,0.5,3.06805,1.25276
-1,0.6,2.14946,0.87855
-1,0.7,1.40515,0.587949
-1,0.8,0.810822,0.35472
-1,0.9,0.348961,0.162347
-1,1,4.44089e-16,4.44089e-16
-1,1.1,-0.258963,-0.139668
-1,1.2,-0.450897,-0.261786
-1,1.3,-0.595409,-0.370029
-1,1.4,-0.707349,-0.467092
-1,1.5,-0.797137,-0.554997
-1,1.6,-0.871783,-0.635284
-1,1.7,-0.935912,-0.709151
-1,1.8,-0.992566,-0.777543
-1,1.9,-1.04376,-0.841217
-1,2,-1.09083,-0.900787
-1,2.1,-1.13471,-0.956754
-1,2.2,-1.17602,-1.00954
-1,2.3,-1.21522,-1.05948
-1,2.4,-1.25264,-1.10689
-0.9,-2.5,-1.17854,-1.03485
-0.9,-2.4,-1.14129,-0.988782
-0.9,-2.3,-1.10213,-0.940316
-0.9,-2.2,-1.06069,-0.889176
-0.9,-2.1,-1.01649,-0.835044
-0.9,-2,-0.96886,-0.777543
-0.9,-1.9,-0.916875,-0.716223
-0.9,-1.8,-0.859213,-0.650537
-0.9,-1.7,-0.793979,-0.579823
-0.9,-1.6,-0.718428,-0.503258
-0.9,-1.5,-0.628574,-0.419819
-0.9,-1.4,-0.518651,-0.328206
-0.9,-1.3,-0.380465,-0.226752
-0.9,-1.2,-0.202778,-0.113278
-0.9,-1.1,0.0289305,0.0151135
-0.9,-1,0.331791,0.162347
-0.9,-0.9,0.723722,0.333858
-0.9,-0.8,1.22128,0.537348
-0.9,-0.7,1.83932,0.784033
-0.9,-0.6,2.59454,1.09077
-0.9,-0.5,3.51401,1.48391
-0.9,0.5,3.51401,1.48391
-0.9,0.6,2.59454,1.09077
-0.9,0.7,1.83932,0.784033
-0.9,0.8,1.22128,0.537348
-0.9,0.9,0.723722,0.333858
-0.9,1,0.331791,0.162347
-0.9,1.1,0.0289305,0.0151135
-0.9,1.2,-0.202778,-0.113278
-0.9,1.3,-0.380465,-0.226752
-0.9,1.4,-0.518651,-0.328206
-0.9,1.5,-0.628574,-0.419819
-0.9,1.6,-0.718428,-0.503258
-0.9,1.7,-0.793979,-0.579823
-0.9,1.8,-0.859213,-0.650537
-0.9,1.9,-0.916875,-0.716223
-0.9,2,-0.96886,-0.777543
-0.9,2.1,-1.01649,-0.835044
-0.9,2.2,-1.06069,-0.889176
-0.9,2.3,-1.10213,-0.940316
-0.9,2.4,-1.14129,-0.988782
-0.8,-2.5,-1.04982,-0.900787
-0.8,-2.4,-1.01013,-0.853442
-0.8,-2.3,-0.967918,-0.803542
-0.8,-2.2,-0.922645,-0.750791
-0.8,-2.1,-0.873595,-0.694843
-0.8,-2,-0.819797,-0.635284
-0.8,-1.9,-0.759914,-0.571621
-0.8,-1.8,-0.692103,-0.503258
-0.8,-1.7,-0.613798,-0.429467
-0.8,-1.6,-0.521436,-0.349349
-0.8,-1.5,-0.410105,-0.261786
-0.8,-1.4,-0.273154,-0.165361
-0.8,-1.3,-0.101854,-0.0582618
-0.8,-1.2,0.114677,0.0618664
-0.8,-1.1,0.389078,0.198134
-0.8,-1,0.73475,0.35472
-0.8,-0.9,1.16467,0.537348
-0.8,-0.8,1.69096,0.75403
-0.8,-0.7,2.32639,1.01626
-0.8,0.7,2.32639,1.01626
-0.8,0.8,1.69096,0.75403
-0.8,0.9,1.16467,0.537348
-0.8,1,0.73475,0.35472
-0.8,1.1,0.389078,0.198134
-0.8,1.2,0.114677,0.0618664
-0.8,1.3,-0.101854,-0.0582618
-0.8,1.4,-0.273154,-0.165361
-0.8,1.5,-0.410105,-0.261786
-0.8,1.6,-0.521436,-0.349349
-0.8,1.7,-0.613798,-0.429467
-0.8,1.8,-0.692103,-0.503258
-0.8,1.9,-0.759914,-0.571621
-0.8,2,-0.819797,-0.635284
-0.8,2.1,-0.873595,-0.694843
-0.8,2.2,-0.922645,-0.750791
-0.8,2.3,-0.967918,-0.803542
-0.8,2.4,-1.01013,-0.853442
-0.7,-2.5,-0.893438,-0.74398
-0.7,-2.4,-0.849424,-0.694843
-0.7,-2.3,-0.801902,-0.642942
-0.7,-2.2,-0.75008,-0.587952
-0.7,-2.1,-0.692916,-0.529488
-0.7,-2,-0.629025,-0.467092
-0.7,-1.9,-0.556566,-0.400219
-0.7,-1.8,-0.473086,-0.328206
-0.7,-1.7,-0.375328,-0.25025
-0.7,-1.6,-0.259027,-0.165361
-0.7,-1.5,-0.118692,-0.0723072
-0.7,-1.4,0.0525228,0.0304581
-0.7,-1.3,0.262787,0.144905
-0.7,-1.2,0.521306,0.273573
-0.7,-1.1,0.83778,0.419783
-0.7,-1,1.22183,0.587949
-0.7,-0.9,1.68282,0.784033
-0.7,-0.8,2.23067,1.01626
-0.7,0.8,2.23067,1.01626
-0.7,0.9,1.68282,0.784033
-0.7,1,1.22183,0.587949
-0.7,1.1,0.83778,0.419783
-0.7,1.2,0.521306,0.273573
-0.7,1.3,0.262787,0.144905
-0.7,1.4,0.0525228,0.0304581
-0.7,1.5,-0.118692,-0.0723072
-0.7,1.6,-0.259027,-0.165361
-0.7,1.7,-0.375328,-0.25025
-0.7,1.8,-0.473086,-0.328206
-0.7,1.9,-0.556566,-0.400219
-0.7,2,-0.629025,-0.467092
-0.7,2.1,-0.692916,-0.529488
-0.7,2.2,-0.75008,-0.587952
-0.7,2.3,-0.801902,-0.642942
-0.7,2.4,-0.849424,-0.694843
-0.6,-2.5,-0.693147,-0.554997
-0.6,-2.4,-0.641445,-0.503258
-0.6,-2.3,-0.584672,-0.448469
-0.6,-2.2,-0.521694,-0.390263
-0.6,-2.1,-0.451058,-0.328206
-0.6,-2,-0.370913,-0.261786
-0.6,-1.9,-0.278899,-0.190389
-0.6,-1.8,-0.172046,-0.113278
-0.6,-1.7,-0.0466635,-0.0295579
-0.6,-1.6,0.101734,0.0618664
-0.6,-1.5,0.278437,0.162347
-0.6,-1.4,0.489457,0.273573
-0.6,-1.3,0.741321,0.397669
-0.6,-1.2,1.04081,0.537348
-0.6,-1.1,1.39476,0.696113
-0.6,-1,1.81011,0.87855
-0.6,-0.9,2.29447,1.09077
-0.6,0.8,2.85731,1.34105
-0.6,0.9,2.29447,1.09077
-0.6,1,1.81011,0.87855
-0.6,1.1,1.39476,0.696113
-0.6,1.2,1.04081,0.537348
-0.6,1.3,0.741321,0.397669
-0.6,1.4,0.489457,0.273573
-0.6,1.5,0.278437,0.162347
-0.6,1.6,0.101734,0.0618664
-0.6,1.7,-0.0466635,-0.0295579
-0.6,1.8,-0.172046,-0.113278
-0.6,1.9,-0.278899,-0.190389
-0.6,2,-0.370913,-0.261786
-0.6,2.1,-0.451058,-0.328206
-0.6,2.2,-0.521694,-0.390263
-0.6,2.3,-0.584672,-0.448469
-0.6,2.4,-0.641445,-0.503258
-0.5,-2.5,-0.417214,-0.317454
-0.5,-2.4,-0.351878,-0.261786
-0.5,-2.3,-0.279151,-0.202663
-0.5,-2.2,-0.197538,-0.139668
-0.5,-2.1,-0.105218,-0.0723072
-0.5,-2,5.32907e-15,3.55271e-15
-0.5,-1.9,0.120724,0.0779433
-0.5,-1.8,0.260001,0.162347
-0.5,-1.7,0.421317,0.254205
-0.5,-1.6,0.608552,0.35472
-0.5,-1.5,0.825907,0.465363
-0.5,-1.4,1.0778,0.587949
-0.5,-1.3,1.3688,0.724732
-0.5,-1.2,1.70363,0.87855
-0.5,-1.1,2.08733,1.05301
-0.5,-1,2.52573,1.25276
-0.5,-0.9,3.02612,1.48391
-0.5,0.9,3.02612,1.48391
-0.5,1,2.52573,1.25276
-0.5,1.1,2.08733,1.05301
-0.5,1.2,1.70363,0.87855
-0.5,1.3,1.3688,0.724732
-0.5,1.4,1.0778,0.587949
-0.5,1.5,0.825907,0.465363
-0.5,1.6,0.608552,0.35472
-0.5,1.7,0.421317,0.254205
-0.5,1.8,0.260001,0.162347
-0.5,1.9,0.120724,0.0779433
-0.5,2,3.10862e-15,1.9984e-15
-0.5,2.1,-0.105218,-0.0723072
-0.5,2.2,-0.197538,-0.139668
-0.5,2.3,-0.279151,-0.202663
-0.5,2.4,-0.351878,-0.261786
-0.4,-2.5,5.55112e-15,3.9968e-15
-0.4,-2.4,0.0886205,0.0618664
-0.4,-2.3,0.187463,0.127751
-0.4,-2.2,0.298156,0.198134
-0.4,-2.1,0.422544,0.273573
-0.4,-2,0.56268,0.35472
-0.4,-1.9,0.720824,0.442343
-0.4,-1.8,0.899414,0.537348
-0.4,-1.7,1.10104,0.640814
-0.4,-1.6,1.32843,0.75403
-0.4,-1.5,1.58444,0.87855
-0.4,-1.4,1.87209,1.01626
-0.4,-1.3,2.19469,1.16947
-0.4,-1.2,2.556,1.34105
-0.4,-1.1,2.96055,1.53458
-0.4,-1,3.41413,1.75462
-0.4,1,3.41413,1.75462
-0.4,1.1,2.96055,1.53458
-0.4,1.2,2.556,1.34105
-0.4,1.3,2.19469,1.16947
-0.4,1.4,1.87209,1.01626
-0.4,1.5,1.58444,0.87855
-0.4,1.6,1.32843,0.75403
-0.4,1.7,1.10104,0.640814
-0.4,1.8,0.899414,0.537348
-0.4,1.9,0.720824,0.442343
-0.4,2,0.56268,0.35472
-0.4,2.1,0.422544,0.273573
-0.4,2.2,0.298156,0.198134
-0.4,2.3,0.187463,0.127751
-0.4,2.4,0.0886205,0.0618664
-0.3,-2.5,0.696844,0.465363
-0.3,-2.4,0.820434,0.537348
-0.3,-2.3,0.956145,0.614088
-0.3,-2.2,1.10525,0.696113
-0.3,-2.1,1.26909,0.784033
-0.3,-2,1.4491,0.87855
-0.3,-1.9,1.64678,0.980479
-0.3,-1.8,1.86375,1.09077
-0.3,-1.7,2.10173,1.21052
-0.3,-1.6,2.36263,1.34105
-0.3,-1.5,2.6486,1.48391
-0.3,-1.4,2.96214,1.64095
-0.3,-1.3,3.30624,1.81443
-0.3,-1.2,3.68462,2.0071
-0.3,-1.1,4.102,2.22239
-0.3,-1,4.56454,2.46464
-0.3,1,4.56454,2.46464
-0.3,1.1,4.102,2.22239
-0.3,1.2,3.68462,2.0071
-0.3,1.3,3.30624,1.81443
-0.3,1.4,2.96214,1.64095
-0.3,1.5,2.6486,1.48391
-0.3,1.6,2.36263,1.34105
-0.3,1.7,2.10173,1.21052
-0.3,1.8,1.86375,1.09077
-0.3,1.9,1.64678,0.980479
-0.3,2,1.4491,0.87855
-0.3,2.1,1.26909,0.784033
-0.3,2.2,1.10525,0.696113
-0.3,2.3,0.956145,0.614088
-0.3,2.4,0.820434,0.537348
-0.2,-2.5,1.96009,1.25276
-0.2,-2.4,2.12269,1.34105
-0.2,-2.3,2.29663,1.43481
-0.2,-2.2,2.48274,1.53458
-0.2,-2.1,2.6819,1.64095
-0.2,-2,2.89513,1.75462
-0.2,-1.9,3.12356,1.87637
-0.2,-1.8,3.36847,2.0071
-0.2,-1.7,3.63136,2.14787
-0.2,-1.6,3.914,2.2999
-0.2,-1.5,4.21851,2.46464
-0.2,-1.4,4.54744,2.64384
-0.2,-1.3,4.90396,2.83958
-0.2,-1.2,5.29199,3.05445
-0.2,-1.1,5.71656,3.29167
-0.2,-1,6.18415,3.55535
-0.2,1,6.18415,3.55535
-0.2,1.1,5.71656,3.29167
-0.2,1.2,5.29199,3.05445
-0.2,1.3,4.90396,2.83958
-0.2,1.4,4.54744,2.64384
-0.2,1.5,4.21851,2.46464
-0.2,1.6,3.914,2.2999
-0.2,1.7,3.63136,2.14787
-0.2,1.8,3.36847,2.0071
-0.2,1.9,3.12356,1.87637
-0.2,2,2.89513,1.75462
-0.2,2.1,2.6819,1.64095
-0.2,2.2,2.48274,1.53458
-0.2,2.3,2.29663,1.43481
-0.2,2.4,2.12269,1.34105
-0.1,-2.5,4.51086,2.94444
-0.1,-2.4,4.70025,3.05445
-0.1,-2.3,4.89911,3.17003
-0.1,-2.2,5.1082,3.29167
-0.1,-2.1,5.32839,3.4199
-0.1,-2,5.56068,3.55535
-0.1,-1.9,5.80621,3.69873
-0.1,-1.8,6.06632,3.85086
-0.1,1.8,6.06632,3.85086
-0.1,1.9,5.80621,3.69873
-0.1,2,5.56068,3.55535
-0.1,2.1,5.32839,3.4199
-0.1,2.2,5.1082,3.29167
-0.1,2.3,4.89911,3.17003
-0.1,2.4,4.70025,3.05445
0.1,-2.5,nan,2.94444
0.1,-2.4,nan,3.05445
0.1,-2.3,nan,3.17003
0.1,-2.2,nan,3.29167
0.1,-2.1,nan,3.4199
0.1,-2,nan,3.55535
0.1,-1.9,nan,3.69873
0.1,-1.8,nan,3.85086
0.1,-1.7,nan,4.01272
0.1,-1.6,nan,4.18544
0.1,-1.5,nan,4.37039
0.1,-1.4,nan,4.56918
0.1,-1.3,nan,4.78382
0.1,-1.2,nan,5.01679
0.1,-1.1,nan,5.27119
0.1,-1,nan,5.55102
0.1,1,nan,5.55102
0.1,1.1,nan,5.27119
0.1,1.2,nan,5.01679
0.1,1.3,nan,4.78382
0.1,1.4,nan,4.56918
0.1,1.5,nan,4.37039
0.1,1.6,nan,4.18544
0.1,1.7,nan,4.01272
0.1,1.8,nan,3.85086
0.1,1.9,nan,3.69873
0.1,2,nan,3.55535
0.1,2.1,nan,3.4199
0.1,2.2,nan,3.29167
0.1,2.3,nan,3.17003
0.1,2.4,nan,3.05445
0.2,-2.5,nan,1.25276
0.2,-2.4,nan,1.34105
0.2,-2.3,nan,1.43481
0.2,-2.2,nan,1.53458
0.2,-2.1,nan,1.64095
0.2,-2,nan,1.75462
0.2,-1.9,nan,1.87637
0.2,-1.8,nan,2.0071
0.2,-1.7,nan,2.14787
0.2,-1.6,nan,2.2999
0.2,-1.5,nan,2.46464
0.2,-1.4,nan,2.64384
0.2,-1.3,nan,2.83958
0.2,-1.2,nan,3.05445
0.2,-1.1,nan,3.29167
0.2,-1,nan,3.55535
0.2,1,nan,3.55535
0.2,1.1,nan,3.29167
0.2,1.2,nan,3.05445
0.2,1.3,nan,2.83958
0.2,1.4,nan,2.64384
0.2,1.5,nan,2.46464
0.2,1.6,nan,2.2999
0.2,1.7,nan,2.14787
0.2,1.8,nan,2.0071
0.2,1.9,nan,1.87637
0.2,2,nan,1.75462
0.2,2.1,nan,1.64095
0.2,2.2,nan,1.53458
0.2,2.3,nan,1.43481
0.2,2.4,nan,1.34105
0.3,-2.5,0.163629,0.465363
0.3,-2.4,0.141012,0.537348
0.3,-2.3,0.0901088,0.614088
0.3,-2.2,-0.00811969,0.696113
0.3,-2.1,-0.194834,0.784033
0.3,-2,-0.587787,0.87855
0.3,-1.9,-1.95739,0.980479
0.3,-1.8,nan,1.09077
0.3,-1.7,nan,1.21052
0.3,-1.6,nan,1.34105
0.3,-1.5,nan,1.48391
0.3,-1.4,nan,1.64095
0.3,-1.3,nan,1.81443
0.3,-1.2,nan,2.0071
0.3,-1.1,nan,2.22239
0.3,-1,nan,2.46464
0.3,1,nan,2.46464
0.3,1.1,nan,2.22239
0.3,1.2,nan,2.0071
0.3,1.3,nan,1.81443
0.3,1.4,nan,1.64095
0.3,1.5,nan,1.48391
0.3,1.6,nan,1.34105
0.3,1.7,nan,1.21052
0.3,1.8,nan,1.09077
0.3,1.9,-1.95739,0.980479
0.3,2,-0.587787,0.87855
0.3,2.1,-0.194834,0.784033
0.3,2.2,-0.00811969,0.696113
0.3,2.3,0.0901088,0.614088
0.3,2.4,0.141012,0.537348
0.4,-2.5,-2.66454e-15,-4.44089e-15
0.4,-2.4,0.0343768,0.0618664
0.4,-2.3,0.0642461,0.127751
0.4,-2.2,0.0869835,0.198134
0.4,-2.1,0.098458,0.273573
0.4,-2,0.0918418,0.35472
0.4,-1.9,0.055029,0.442343
0.4,-1.8,-0.0358716,0.537348
0.4,-1.7,-0.237294,0.640814
0.4,-1.6,-0.742357,0.75403
0.4,-1.5,nan,0.87855
0.4,-1.4,nan,1.01626
0.4,-1.3,nan,1.16947
0.4,-1.2,nan,1.34105
0.4,-1.1,nan,1.53458
0.4,-1,nan,1.75462
0.4,1,nan,1.75462
0.4,1.1,nan,1.53458
0.4,1.2,nan,1.34105
0.4,1.3,nan,1.16947
0.4,1.4,nan,1.01626
0.4,1.5,nan,0.87855
0.4,1.6,-0.742357,0.75403
0.4,1.7,-0.237294,0.640814
0.4,1.8,-0.0358716,0.537348
0.4,1.9,0.055029,0.442343
0.4,2,0.0918418,0.35472
0.4,2.1,0.098458,0.273573
0.4,2.2,0.0869835,0.198134
0.4,2.3,0.0642461,0.127751
0.4,2.4,0.0343768,0.0618664
0.5,-2.5,-0.22675,-0.317454
0.5,-2.4,-0.179144,-0.261786
0.5,-2.3,-0.131613,-0.202663
0.5,-2.2,-0.084965,-0.139668
0.5,-2.1,-0.0404451,-0.0723072
0.5,-2,-1.77636e-15,-3.10862e-15
0.5,-1.9,0.0332507,0.0779433
0.5,-1.8,0.0541154,0.162347
0.5,-1.7,0.0534512,0.254205
0.5,-1.6,0.0136997,0.35472
0.5,-1.5,-0.10399,0.465363
0.5,-1.4,-0.411927,0.587949
0.5,-1.3,-1.62086,0.724732
0.5,-1.2,nan,0.87855
0.5,-1.1,nan,1.05301
0.5,-1,nan,1.25276
0.5,-0.9,nan,1.48391
0.5,0.9,nan,1.48391
0.5,1,nan,1.25276
0.5,1.1,nan,1.05301
0.5,1.2,nan,0.87855
0.5,1.3,-1.62086,0.724732
0.5,1.4,-0.411927,0.587949
0.5,1.5,-0.10399,0.465363
0.5,1.6,0.0136997,0.35472
0.5,1.7,0.0534512,0.254205
0.5,1.8,0.0541154,0.162347
0.5,1.9,0.0332507,0.0779433
0.5,2,-2.22045e-15,-4.66294e-15
0.5,2.1,-0.0404451,-0.0723072
0.5,2.2,-0.084965,-0.139668
0.5,2.3,-0.131613,-0.202663
0.5,2.4,-0.179144,-0.261786
0.6,-2.5,-0.433636,-0.554997
0.6,-2.4,-0.381869,-0.503258
0.6,-2.3,-0.328613,-0.448469
0.6,-2.2,-0.274117,-0.390263
0.6,-2.1,-0.218808,-0.328206
0.6,-2,-0.163404,-0.261786
0.6,-1.9,-0.10908,-0.190389
0.6,-1.8,-0.0577726,-0.113278
0.6,-1.7,-0.0127399,-0.0295579
0.6,-1.6,0.0203433,0.0618664
0.6,-1.5,0.0309887,0.162347
0.6,-1.4,-0.00212659,0.273573
0.6,-1.3,-0.130113,0.397669
0.6,-1.2,-0.525237,0.537348
0.6,-1.1,nan,0.696113
0.6,-1,nan,0.87855
0.6,-0.9,nan,1.09077
0.6,0.8,nan,1.34105
0.6,0.9,nan,1.09077
0.6,1,nan,0.87855
0.6,1.1,nan,0.696113
0.6,1.2,-0.525237,0.537348
0.6,1.3,-0.130113,0.397669
0.6,1.4,-0.00212659,0.273573
0.6,1.5,0.0309887,0.162347
0.6,1.6,0.0203433,0.0618664
0.6,1.7,-0.0127399,-0.0295579
0.6,1.8,-0.0577726,-0.113278
0.6,1.9,-0.10908,-0.190389
0.6,2,-0.163404,-0.261786
0.6,2.1,-0.218808,-0.328206
0.6,2.2,-0.274117,-0.390263
0.6,2.3,-0.328613,-0.448469
0.6,2.4,-0.381869,-0.503258
0.7,-2.5,-0.613983,-0.74398
0.7,-2.4,-0.560988,-0.694843
0.7,-2.3,-0.505819,-0.642942
0.7,-2.2,-0.448479,-0.587952
0.7,-2.1,-0.389055,-0.529488
0.7,-2,-0.327764,-0.467092
0.7,-1.9,-0.265043,-0.400219
0.7,-1.8,-0.201685,-0.328206
0.7,-1.7,-0.139091,-0.25025
0.7,-1.6,-0.0797215,-0.165361
0.7,-1.5,-0.0279792,-0.0723072
0.7,-1.4,0.00789568,0.0304581
0.7,-1.3,0.0112461,0.144905
0.7,-1.2,-0.0564863,0.273573
0.7,-1.1,-0.311931,0.419783
0.7,-1,-1.57405,0.587949
0.7,-0.9,nan,0.784033
0.7,-0.8,nan,1.01626
0.7,0.8,nan,1.01626
0.7,0.9,nan,0.784033
0.7,1,-1.57405,0.587949
0.7,1.1,-0.311931,0.419783
0.7,1.2,-0.0564863,0.273573
0.7,1.3,0.0112461,0.144905
0.7,1.4,0.00789568,0.0304581
0.7,1.5,-0.0279792,-0.0723072
0.7,1.6,-0.0797215,-0.165361
0.7,1.7,-0.139091,-0.25025
0.7,1.8,-0.201685,-0.328206
0.7,1.9,-0.265043,-0.400219
0.7,2,-0.327764,-0.467092
0.7,2.1,-0.389055,-0.529488
0.7,2.2,-0.448479,-0.587952
0.7,2.3,-0.505819,-0.642942
0.7,2.4,-0.560988,-0.694843
0.8,-2.5,-0.771109,-0.900787
0.8,-2.4,-0.71801,-0.853442
0.8,-2.3,-0.66241,-0.803542
0.8,-2.2,-0.604185,-0.750791
0.8,-2.1,-0.543249,-0.694843
0.8,-2,-0.479571,-0.635284
0.8,-1.9,-0.413226,-0.571621
0.8,-1.8,-0.344474,-0.503258
0.8,-1.7,-0.273883,-0.429467
0.8,-1.6,-0.202574,-0.349349
0.8,-1.5,-0.13265,-0.261786
0.8,-1.4,-0.0680648,-0.165361
0.8,-1.3,-0.0164907,-0.0582618
0.8,-1.2,0.00611005,0.0618664
0.8,-1.1,-0.0380843,0.198134
0.8,-1,-0.265788,0.35472
0.8,-0.9,-1.52296,0.537348
0.8,-0.8,nan,0.75403
0.8,-0.7,nan,1.01626
0.8,-0.6,nan,1.34105
0.8,0.6,nan,1.34105
0.8,0.7,nan,1.01626
0.8,0.8,nan,0.75403
0.8,0.9,-1.52296,0.537348
0.8,1,-0.265788,0.35472
0.8,1.1,-0.0380843,0.198134
0.8,1.2,0.00611005,0.0618664
0.8,1.3,-0.0164907,-0.0582618
0.8,1.4,-0.0680648,-0.165361
0.8,1.5,-0.13265,-0.261786
0.8,1.6,-0.202574,-0.349349
0.8,1.7,-0.273883,-0.429467
0.8,1.8,-0.344474,-0.503258
0.8,1.9,-0.413226,-0.571621
0.8,2,-0.479571,-0.635284
0.8,2.1,-0.543249,-0.694843
0.8,2.2,-0.604185,-0.750791
0.8,2.3,-0.66241,-0.803542
0.8,2.4,-0.71801,-0.853442
0.9,-2.5,-0.909228,-1.03485
0.9,-2.4,-0.856483,-0.988782
0.9,-2.3,-0.801076,-0.940316
0.9,-2.2,-0.742818,-0.889176
0.9,-2.1,-0.681521,-0.835044
0.9,-2,-0.617016,-0.777543
0.9,-1.9,-0.549181,-0.716223
0.9,-1.8,-0.477979,-0.650537
0.9,-1.7,-0.403538,-0.579823
0.9,-1.6,-0.326288,-0.503258
0.9,-1.5,-0.247205,-0.419819
0.9,-1.4,-0.168293,-0.328206
0.9,-1.3,-0.093549,-0.226752
0.9,-1.2,-0.0311341,-0.113278
0.9,-1.1,0.00110293,0.0151135
0.9,-1,-0.0417846,0.162347
0.9,-0.9,-0.313895,0.333858
0.9,-0.8,-3.46123,0.537348
0.9,-0.7,nan,0.784033
0.9,-0.6,nan,1.09077
0.9,-0.5,nan,1.48391
0.9,0.5,nan,1.48391
0.9,0.6,nan,1.09077
0.9,0.7,nan,0.784033
0.9,0.8,-3.46123,0.537348
0.9,0.9,-0.313895,0.333858
0.9,1,-0.0417846,0.162347
0.9,1.1,0.00110293,0.0151135
0.9,1.2,-0.0311341,-0.113278
0.9,1.3,-0.093549,-0.226752
0.9,1.4,-0.168293,-0.328206
0.9,1.5,-0.247205,-0.419819
0.9,1.6,-0.326288,-0.503258
0.9,1.7,-0.403538,-0.579823
0.9,1.8,-0.477979,-0.650537
0.9,1.9,-0.549181,-0.716223
0.9,2,-0.617016,-0.777543
0.9,2.1,-0.681521,-0.835044
0.9,2.2,-0.742818,-0.889176
0.9,2.3,-0.801076,-0.940316
0.9,2.4,-0.856483,-0.988782
1,-2.5,-1.03193,-1.15201
1,-2.4,-0.979713,-1.10689
1,-2.3,-0.924767,-1.05948
1,-2.2,-0.866856,-1.00954
1,-2.1,-0.805737,-0.956754
1,-2,-0.741156,-0.900787
1,-1.9,-0.672872,-0.841217
1,-1.8,-0.600672,-0.777543
1,-1.7,-0.524425,-0.709151
1,-1.6,-0.444156,-0.635284
1,-1.5,-0.360209,-0.554997
1,-1.4,-0.273523,-0.467092
1,-1.3,-0.186218,-0.370029
1,-1.2,-0.102813,-0.261786
1,-1.1,-0.0330998,-0.139668
1,-1,0,4.44089e-16
1,-0.9,-0.0672688,0.162347
1,-0.8,-0.507819,0.35472
1,-0.7,nan,0.587949
1,-0.6,nan,0.87855
1,-0.5,nan,1.25276
1,-0.4,nan,1.75462
1,-0.3,nan,2.46464
1,-0.2,nan,3.55535
1,-0.1,nan,5.55102
1,0.1,nan,5.55102
1,0.2,nan,3.55535
1,0.3,nan,2.46464
1,0.4,nan,1.75462
1,0.5,nan,1.25276
1,0.6,nan,0.87855
1,0.7,nan,0.587949
1,0.8,-0.507819,0.35472
1,0.9,-0.0672688,0.162347
1,1,0,-3.33067e-15
1,1.1,-0.0330998,-0.139668
1,1.2,-0.102813,-0.261786
1,1.3,-0.186218,-0.370029
1,1.4,-0.273523,-0.467092
1,1.5,-0.360209,-0.554997
1,1.6,-0.444156,-0.635284
1,1.7,-0.524425,-0.709151
1,1.8,-0.600672,-0.777543
1,1.9,-0.672872,-0.841217
1,2,-0.741156,-0.900787
1,2.1,-0.805737,-0.956754
1,2.2,-0.866856,-1.00954
1,2.3,-0.924767,-1.05948
1,2.4,-0.979713,-1.10689
1.1,-2.5,-1.14202,-1.25615
1.1,-2.4,-1.0904,-1.21174
1.1,-2.3,-1.03602,-1.16514
1.1,-2.2,-0.978622,-1.11609
1.1,-2.1,-0.917933,-1.06434
1.1,-2,-0.853647,-1.00954
1.1,-1.9,-0.785447,-0.951307
1.1,-1.8,-0.713011,-0.889176
1.1,-1.7,-0.636041,-0.822572
1.1,-1.6,-0.554313,-0.750791
1.1,-1.5,-0.467774,-0.672956
1.1,-1.4,-0.376726,-0.587952
1.1,-1.3,-0.28219,-0.494347
1.1,-1.2,-0.186674,-0.390263
1.1,-1.1,-0.0958823,-0.273183
1.1,-1,-0.0230419,-0.139668
1.1,-0.9,-0.00203737,0.0151135
1.1,-0.8,-0.143355,0.198134
1.1,-0.7,-1.27,0.419783
1.1,-0.6,nan,0.696113
1.1,-0.5,nan,1.05301
1.1,-0.4,nan,1.53458
1.1,-0.3,nan,2.22239
1.1,-0.2,nan,3.29167
1.1,-0.1,nan,5.27119
1.1,0.1,nan,5.27119
1.1,0.2,nan,3.29167
1.1,0.3,nan,2.22239
1.1,0.4,nan,1.53458
1.1,0.5,nan,1.05301
1.1,0.6,nan,0.696113
1.1,0.7,-1.27,0.419783
1.1,0.8,-0.143355,0.198134
1.1,0.9,-0.00203737,0.0151135
1.1,1,-0.0230419,-0.139668
1.1,1.1,-0.0958823,-0.273183
1.1,1.2,-0.186674,-0.390263
1.1,1.3,-0.28219,-0.494347
1.1,1.4,-0.376726,-0.587952
1.1,1.5,-0.467774,-0.672956
1.1,1.6,-0.554313,-0.750791
1.1,1.7,-0.636041,-0.822572
1.1,1.8,-0.713011,-0.889176
1.1,1.9,-0.785447,-0.951307
1.1,2,-0.853647,-1.00954
1.1,2.1,-0.917933,-1.06434
1.1,2.2,-0.978622,-1.11609
1.1,2.3,-1.03602,-1.16514
1.1,2.4,-1.0904,-1.21174
1.2,-2.5,-1.24171,-1.34993
1.2,-2.4,-1.19068,-1.30607
1.2,-2.3,-1.13688,-1.26008
1.2,-2.2,-1.08006,-1.21174
1.2,-2.1,-1.01992,-1.16078
1.2,-2,-0.956108,-1.10689
1.2,-1.9,-0.888269,-1.04971
1.2,-1.8,-0.816006,-0.988782
1.2,-1.7,-0.738914,-0.923581
1.2,-1.6,-0.656604,-0.853442
1.2,-1.5,-0.568764,-0.777543
1.2,-1.4,-0.475281,-0.694843
1.2,-1.3,-0.37648,-0.604
1.2,-1.2,-0.273633,-0.503258
1.2,-1.1,-0.170068,-0.390263
1.2,-1,-0.0738409,-0.261786
1.2,-0.9,-0.00518678,-0.113278
1.2,-0.8,-0.022979,0.0618664
1.2,-0.7,-0.384048,0.273573
1.2,-0.6,nan,0.537348
1.2,-0.5,nan,0.87855
1.2,-0.4,nan,1.34105
1.2,-0.3,nan,2.0071
1.2,-0.2,nan,3.05445
1.2,-0.1,nan,5.01679
1.2,0.1,nan,5.01679
1.2,0.2,nan,3.05445
1.2,0.3,nan,2.0071
1.2,0.4,nan,1.34105
1.2,0.5,nan,0.87855
1.2,0.6,nan,0.537348
1.2,0.7,-0.384048,0.273573
1.2,0.8,-0.022979,0.0618664
1.2,0.9,-0.00518678,-0.113278
1.2,1,-0.0738409,-0.261786
1.2,1.1,-0.170068,-0.390263
1.2,1.2,-0.273633,-0.503258
1.2,1.3,-0.37648,-0.604
1.2,1.4,-0.475281,-0.694843
1.2,1.5,-0.568764,-0.777543
1.2,1.6,-0.656604,-0.853442
1.2,1.7,-0.738914,-0.923581
1.2,1.8,-0.816006,-0.988782
1.2,1.9,-0.888269,-1.04971
1.2,2,-0.956108,-1.10689
1.2,2.1,-1.01992,-1.16078
1.2,2.2,-1.08006,-1.21174
1.2,2.3,-1.13688,-1.26008
1.2,2.4,-1.19068,-1.30607
1.3,-2.5,-1.3327,-1.43527
1.3,-2.4,-1.28222,-1.39185
1.3,-2.3,-1.22901,-1.34635
1.3,-2.2,-1.17277,-1.29856
1.3,-2.1,-1.11321,-1.24823
1.3,-2,-1.04996,-1.19506
1.3,-1.9,-0.982617,-1.1387
1.3,-1.8,-0.91075,-1.07874
1.3,-1.7,-0.833876,-1.01465
1.3,-1.6,-0.751494,-0.945828
1.3,-1.5,-0.663116,-0.871481
1.3,-1.4,-0.568346,-0.790634
1.3,-1.3,-0.467043,-0.702024
1.3,-1.2,-0.359664,-0.604
1.3,-1.1,-0.248024,-0.494347
1.3,-1,-0.137074,-0.370029
1.3,-0.9,-0.0396027,-0.226752
1.3,-0.8,0.008757,-0.0582618
1.3,-0.7,-0.119516,0.144905
1.3,-0.6,-1.79627,0.397669
1.3,-0.5,nan,0.724732
1.3,-0.4,nan,1.16947
1.3,-0.3,nan,1.81443
1.3,-0.2,nan,2.83958
1.3,-0.1,nan,4.78382
1.3,0.1,nan,4.78382
1.3,0.2,nan,2.83958
1.3,0.3,nan,1.81443
1.3,0.4,nan,1.16947
1.3,0.5,nan,0.724732
1.3,0.6,-1.79627,0.397669
1.3,0.7,-0.119516,0.144905
1.3,0.8,0.008757,-0.0582618
1.3,0.9,-0.0396027,-0.226752
1.3,1,-0.137074,-0.370029
1.3,1.1,-0.248024,-0.494347
1.3,1.2,-0.359664,-0.604
1.3,1.3,-0.467043,-0.702024
1.3,1.4,-0.568346,-0.790634
1.3,1.5,-0.663116,-0.871481
1.3,1.6,-0.751494,-0.945828
1.3,1.7,-0.833876,-1.01465
1.3,1.8,-0.91075,-1.07874
1.3,1.9,-0.982617,-1.1387
1.3,2,-1.04996,-1.19506
1.3,2.1,-1.11321,-1.24823
1.3,2.2,-1.17277,-1.29856
1.3,2.3,-1.22901,-1.34635
1.3,2.4,-1.28222,-1.39185
1.4,-2.5,-1.41631,-1.5136
1.4,-2.4,-1.36636,-1.47052
1.4,-2.3,-1.3137,-1.42542
1.4,-2.2,-1.25804,-1.37808
1.4,-2.1,-1.19906,-1.32825
1.4,-2,-1.13639,-1.27566
1.4,-1.9,-1.06961,-1.21997
1.4,-1.8,-0.998256,-1.16078
1.4,-1.7,-0.921791,-1.0976
1.4,-1.6,-0.839638,-1.02984
1.4,-1.5,-0.751185,-0.956754
1.4,-1.4,-0.655839,-0.877417
1.4,-1.3,-0.553131,-0.790634
1.4,-1.2,-0.442954,-0.694843
1.4,-1.1,-0.326099,-0.587952
1.4,-1,-0.205495,-0.467092
1.4,-0.9,-0.0893885,-0.328206
1.4,-0.8,-0.000841373,-0.165361
1.4,-0.7,-0.0151876,0.0304581
1.4,-0.6,-0.552505,0.273573
1.4,-0.5,nan,0.587949
1.4,-0.4,nan,1.01626
1.4,-0.3,nan,1.64095
1.4,-0.2,nan,2.64384
1.4,-0.1,nan,4.56918
1.4,0.1,nan,4.56918
1.4,0.2,nan,2.64384
1.4,0.3,nan,1.64095
1.4,0.4,nan,1.01626
1.4,0.5,nan,0.587949
1.4,0.6,-0.552505,0.273573
1.4,0.7,-0.0151876,0.0304581
1.4,0.8,-0.000841373,-0.165361
1.4,0.9,-0.0893885,-0.328206
1.4,1,-0.205495,-0.467092
1.4,1.1,-0.326099,-0.587952
1.4,1.2,-0.442954,-0.694843
1.4,1.3,-0.553131,-0.790634
1.4,1.4,-0.655839,-0.877417
1.4,1.5,-0.751185,-0.956754
1.4,1.6,-0.839638,-1.02984
1.4,1.7,-0.921791,-1.0976
1.4,1.8,-0.998256,-1.16078
1.4,1.9,-1.06961,-1.21997
1.4,2,-1.13639,-1.27566
1.4,2.1,-1.19906,-1.32825
1.4,2.2,-1.25804,-1.37808
1.4,2.3,-1.3137,-1.42542
1.4,2.4,-1.36636,-1.47052
1.5,-2.5,-1.49363,-1.58601
1.5,-2.4,-1.44416,-1.54322
1.5,-2.3,-1.39201,-1.49844
1.5,-2.2,-1.3369,-1.45145
1.5,-2.1,-1.27848,-1.40204
1.5,-2,-1.2164,-1.34993
1.5,-1.9,-1.1502,-1.29478
1.5,-1.8,-1.07941,-1.23622
1.5,-1.7,-1.00346,-1.17378
1.5,-1.6,-0.921715,-1.10689
1.5,-1.5,-0.833473,-1.03485
1.5,-1.4,-0.738,-0.956754
1.5,-1.3,-0.63459,-0.871481
1.5,-1.2,-0.522734,-0.777543
1.5,-1.1,-0.402497,-0.672956
1.5,-1,-0.275412,-0.554997
1.5,-0.9,-0.146734,-0.419819
1.5,-0.8,-0.0318981,-0.261786
1.5,-0.7,0.0203863,-0.0723072
1.5,-0.6,-0.205449,0.162347
1.5,-0.5,nan,0.465363
1.5,-0.4,nan,0.87855
1.5,-0.3,nan,1.48391
1.5,-0.2,nan,2.46464
1.5,-0.1,nan,4.37039
1.5,0.1,nan,4.37039
1.5,0.2,nan,2.46464
1.5,0.3,nan,1.48391
1.5,0.4,nan,0.87855
1.5,0.5,nan,0.465363
1.5,0.6,-0.205449,0.162347
1.5,0.7,0.0203863,-0.0723072
1.5,0.8,-0.0318981,-0.261786
1.5,0.9,-0.146734,-0.419819
1.5,1,-0.275412,-0.554997
1.5,1.1,-0.402497,-0.672956
1.5,1.2,-0.522734,-0.777543
1.5,1.3,-0.63459,-0.871481
1.5,1.4,-0.738,-0.956754
1.5,1.5,-0.833473,-1.03485
1.5,1.6,-0.921715,-1.10689
1.5,1.7,-1.00346,-1.17378
1.5,1.8,-1.07941,-1.23622
1.5,1.9,-1.1502,-1.29478
1.5,2,-1.2164,-1.34993
1.5,2.1,-1.27848,-1.40204
1.5,2.2,-1.3369,-1.45145
1.5,2.3,-1.39201,-1.49844
1.5,2.4,-1.44416,-1.54322
1.6,-2.5,-1.5655,-1.65336
1.6,-2.4,-1.51648,-1.6108
1.6,-2.3,-1.46481,-1.56628
1.6,-2.2,-1.4102,-1.5196
1.6,-2.1,-1.35233,-1.47052
1.6,-2,-1.29081,-1.4188
1.6,-1.9,-1.2252,-1.36411
1.6,-1.8,-1.15499,-1.30607
1.6,-1.7,-1.0796,-1.24424
1.6,-1.6,-0.998365,-1.17808
1.6,-1.5,-0.910508,-1.10689
1.6,-1.4,-0.815195,-1.02984
1.6,-1.3,-0.711545,-0.945828
1.6,-1.2,-0.598752,-0.853442
1.6,-1.1,-0.47635,-0.750791
1.6,-1,-0.344869,-0.635284
1.6,-0.9,-0.207481,-0.503258
1.6,-0.8,-0.07461,-0.349349
1.6,-0.7,0.0205984,-0.165361
1.6,-0.6,-0.0529395,0.0618664
1.6,-0.5,-2.23099,0.35472
1.6,-0.4,nan,0.75403
1.6,-0.3,nan,1.34105
1.6,-0.2,nan,2.2999
1.6,-0.1,nan,4.18544
1.6,0.1,nan,4.18544
1.6,0.2,nan,2.2999
1.6,0.3,nan,1.34105
1.6,0.4,nan,0.75403
1.6,0.5,-2.23099,0.35472
1.6,0.6,-0.0529395,0.0618664
1.6,0.7,0.0205984,-0.165361
1.6,0.8,-0.07461,-0.349349
1.6,0.9,-0.207481,-0.503258
1.6,1,-0.344869,-0.635284
1.6,1.1,-0.47635,-0.750791
1.6,1.2,-0.598752,-0.853442
1.6,1.3,-0.711545,-0.945828
1.6,1.4,-0.815195,-1.02984
1.6,1.5,-0.910508,-1.10689
1.6,1.6,-0.998365,-1.17808
1.6,1.7,-1.0796,-1.24424
1.6,1.8,-1.15499,-1.30607
1.6,1.9,-1.2252,-1.36411
1.6,2,-1.29081,-1.4188
1.6,2.1,-1.35233,-1.47052
1.6,2.2,-1.4102,-1.5196
1.6,2.3,-1.46481,-1.56628
1.6,2.4,-1.51648,-1.6108
1.7,-2.5,-1.63262,-1.71631
1.7,-2.4,-1.58402,-1.67395
1.7,-2.3,-1.53279,-1.62965
1.7,-2.2,-1.47866,-1.58322
1.7,-2.1,-1.42129,-1.53443
1.7,-2,-1.36031,-1.48303
1.7,-1.9,-1.29526,-1.42871
1.7,-1.8,-1.22564,-1.37112
1.7,-1.7,-1.15084,-1.3098
1.7,-1.6,-1.07016,-1.24424
1.7,-1.5,-0.982796,-1.17378
1.7,-1.4,-0.887826,-1.0976
1.7,-1.3,-0.784242,-1.01465
1.7,-1.2,-0.671015,-0.923581
1.7,-1.1,-0.54728,-0.822572
1.7,-1,-0.412823,-0.709151
1.7,-0.9,-0.269302,-0.579823
1.7,-0.8,-0.123659,-0.429467
1.7,-0.7,0.000922844,-0.25025
1.7,-0.6,0.017377,-0.0295579
1.7,-0.5,-0.709212,0.254205
1.7,-0.4,nan,0.640814
1.7,-0.3,nan,1.21052
1.7,-0.2,nan,2.14787
1.7,-0.1,nan,4.01272
1.7,0.1,nan,4.01272
1.7,0.2,nan,2.14787
1.7,0.3,nan,1.21052
1.7,0.4,nan,0.640814
1.7,0.5,-0.709212,0.254205
1.7,0.6,0.017377,-0.0295579
1.7,0.7,0.000922844,-0.25025
1.7,0.8,-0.123659,-0.429467
1.7,0.9,-0.269302,-0.579823
1.7,1,-0.412823,-0.709151
1.7,1.1,-0.54728,-0.822572
1.7,1.2,-0.671015,-0.923581
1.7,1.3,-0.784242,-1.01465
1.7,1.4,-0.887826,-1.0976
1.7,1.5,-0.982796,-1.17378
1.7,1.6,-1.07016,-1.24424
1.7,1.7,-1.15084,-1.3098
1.7,1.8,-1.22564,-1.37112
1.7,1.9,-1.29526,-1.42871
1.7,2,-1.36031,-1.48303
1.7,2.1,-1.42129,-1.53443
1.7,2.2,-1.47866,-1.58322
1.7,2.3,-1.53279,-1.62965
1.7,2.4,-1.58402,-1.67395
1.8,-2.5,-1.69558,-1.77543
1.8,-2.4,-1.64735,-1.73323
1.8,-2.3,-1.59653,-1.68912
1.8,-2.2,-1.54284,-1.64289
1.8,-2.1,-1.48595,-1.59435
1.8,-2,-1.42548,-1.54322
1.8,-1.9,-1.36097,-1.48922
1.8,-1.8,-1.29192,-1.432
1.8,-1.7,-1.21771,-1.37112
1.8,-1.6,-1.13761,-1.30607
1.8,-1.5,-1.0508,-1.23622
1.8,-1.4,-0.95629,-1.16078
1.8,-1.3,-0.852976,-1.07874
1.8,-1.2,-0.739659,-0.988782
1.8,-1.1,-0.615171,-0.889176
1.8,-1,-0.478729,-0.777543
1.8,-0.9,-0.33086,-0.650537
1.8,-0.8,-0.175977,-0.503258
1.8,-0.7,-0.0304617,-0.328206
1.8,-0.6,0.0447714,-0.113278
1.8,-0.5,-0.298563,0.162347
1.8,-0.4,nan,0.537348
1.8,-0.3,nan,1.09077
1.8,-0.2,nan,2.0071
1.8,-0.1,nan,3.85086
1.8,0.1,nan,3.85086
1.8,0.2,nan,2.0071
1.8,0.3,nan,1.09077
1.8,0.4,nan,0.537348
1.8,0.5,-0.298563,0.162347
1.8,0.6,0.0447714,-0.113278
1.8,0.7,-0.0304617,-0.328206
1.8,0.8,-0.175977,-0.503258
1.8,0.9,-0.33086,-0.650537
1.8,1,-0.478729,-0.777543
1.8,1.1,-0.615171,-0.889176
1.8,1.2,-0.739659,-0.988782
1.8,1.3,-0.852976,-1.07874
1.8,1.4,-0.95629,-1.16078
1.8,1.5,-1.0508,-1.23622
1.8,1.6,-1.13761,-1.30607
1.8,1.7,-1.21771,-1.37112
1.8,1.8,-1.29192,-1.432
1.8,1.9,-1.36097,-1.48922
1.8,2,-1.42548,-1.54322
1.8,2.1,-1.48595,-1.59435
1.8,2.2,-1.54284,-1.64289
1.8,2.3,-1.59653,-1.68912
1.8,2.4,-1.64735,-1.73323
1.9,-2.5,-1.75484,-1.83116
1.9,-2.4,-1.70696,-1.7891
1.9,-2.3,-1.65652,-1.74514
1.9,-2.2,-1.60324,-1.6991
1.9,-2.1,-1.54679,-1.65075
1.9,-2,-1.4868,-1.59986
1.9,-1.9,-1.42281,-1.54613
1.9,-1.8,-1.35431,-1.48922
1.9,-1.7,-1.28067,-1.42871
1.9,-1.6,-1.20117,-1.36411
1.9,-1.5,-1.11494,-1.29478
1.9,-1.4,-1.02096,-1.21997
1.9,-1.3,-0.918049,-1.1387
1.9,-1.2,-0.80488,-1.04971
1.9,-1.1,-0.680049,-0.951307
1.9,-1,-0.542331,-0.841217
1.9,-0.9,-0.391384,-0.716223
1.9,-0.8,-0.229723,-0.571621
1.9,-0.7,-0.0688585,-0.400219
1.9,-0.6,0.0472382,-0.190389
1.9,-0.5,-0.10369,0.0779433
1.9,-0.4,nan,0.442343
1.9,-0.3,nan,0.980479
1.9,-0.2,nan,1.87637
1.9,-0.1,nan,3.69873
1.9,0.1,nan,3.69873
1.9,0.2,nan,1.87637
1.9,0.3,nan,0.980479
1.9,0.4,nan,0.442343
1.9,0.5,-0.10369,0.0779433
1.9,0.6,0.0472382,-0.190389
1.9,0.7,-0.0688585,-0.400219
1.9,0.8,-0.229723,-0.571621
1.9,0.9,-0.391384,-0.716223
1.9,1,-0.542331,-0.841217
1.9,1.1,-0.680049,-0.951307
1.9,1.2,-0.80488,-1.04971
1.9,1.3,-0.918049,-1.1387
1.9,1.4,-1.02096,-1.21997
1.9,1.5,-1.11494,-1.29478
1.9,1.6,-1.20117,-1.36411
1.9,1.7,-1.28067,-1.42871
1.9,1.8,-1.35431,-1.48922
1.9,1.9,-1.42281,-1.54613
1.9,2,-1.4868,-1.59986
1.9,2.1,-1.54679,-1.65075
1.9,2.2,-1.60324,-1.6991
1.9,2.3,-1.65652,-1.74514
1.9,2.4,-1.70696,-1.7891
2,-2.5,-1.81082,-1.88387
2,-2.4,-1.76326,-1.84193
2,-2.3,-1.71317,-1.79811
2,-2.2,-1.66026,-1.75222
2,-2.1,-1.60423,-1.70405
2,-2,-1.54469,-1.65336
2,-1.9,-1.48119,-1.59986
2,-1.8,-1.41321,-1.54322
2,-1.7,-1.34013,-1.48303
2,-1.6,-1.26121,-1.4188
2,-1.5,-1.17557,-1.34993
2,-1.4,-1.08217,-1.27566
2,-1.3,-0.979752,-1.19506
2,-1.2,-0.866897,-1.10689
2,-1.1,-0.742015,-1.00954
2,-1,-0.603535,-0.900787
2,-0.9,-0.450433,-0.777543
2,-0.8,-0.283763,-0.635284
2,-0.7,-0.111415,-0.467092
2,-0.6,0.0343194,-0.261786
2,-0.5,-1.77636e-15,1.9984e-15
2,-0.4,nan,0.35472
2,-0.3,nan,0.87855
2,-0.2,nan,1.75462
2,-0.1,nan,3.55535
2,0.1,nan,3.55535
2,0.2,nan,1.75462
2,0.3,nan,0.87855
2,0.4,nan,0.35472
2,0.5,4.44089e-15,-4.66294e-15
2,0.6,0.0343194,-0.261786
2,0.7,-0.111415,-0.467092
2,0.8,-0.283763,-0.635284
2,0.9,-0.450433,-0.777543
2,1,-0.603535,-0.900787
2,1.1,-0.742015,-1.00954
2,1.2,-0.866897,-1.10689
2,1.3,-0.979752,-1.19506
2,1.4,-1.08217,-1.27566
2,1.5,-1.17557,-1.34993
2,1.6,-1.26121,-1.4188
2,1.7,-1.34013,-1.48303
2,1.8,-1.41321,-1.54322
2,1.9,-1.48119,-1.59986
2,2,-1.54469,-1.65336
2,2.1,-1.60423,-1.70405
2,2.2,-1.66026,-1.75222
2,2.3,-1.71317,-1.79811
2,2.4,-1.76326,-1.84193
2.1,-2.5,-1.86385,-1.93389
2.1,-2.4,-1.81658,-1.89205
2.1,-2.3,-1.76681,-1.84834
2.1,-2.2,-1.71426,-1.80258
2.1,-2.1,-1.65861,-1.75456
2.1,-2,-1.59949,-1.70405
2.1,-1.9,-1.53645,-1.65075
2.1,-1.8,-1.46897,-1.59435
2.1,-1.7,-1.39643,-1.53443
2.1,-1.6,-1.31808,-1.47052
2.1,-1.5,-1.23304,-1.40204
2.1,-1.4,-1.14022,-1.32825
2.1,-1.3,-1.03836,-1.24823
2.1,-1.2,-0.925932,-1.16078
2.1,-1.1,-0.801208,-1.06434
2.1,-1,-0.662343,-0.956754
2.1,-0.9,-0.50777,-0.835044
2.1,-0.8,-0.337393,-0.694843
2.1,-0.7,-0.156328,-0.529488
2.1,-0.6,0.011561,-0.328206
2.1,-0.5,0.0551846,-0.0723072
2.1,-0.4,-1.58021,0.273573
2.1,-0.3,nan,0.784033
2.1,-0.2,nan,1.64095
2.1,-0.1,nan,3.4199
2.1,0.1,nan,3.4199
2.1,0.2,nan,1.64095
2.1,0.3,nan,0.784033
2.1,0.4,-1.58021,0.273573
2.1,0.5,0.0551846,-0.0723072
2.1,0.6,0.011561,-0.328206
2.1,0.7,-0.156328,-0.529488
2.1,0.8,-0.337393,-0.694843
2.1,0.9,-0.50777,-0.835044
2.1,1,-0.662343,-0.956754
2.1,1.1,-0.801208,-1.06434
2.1,1.2,-0.925932,-1.16078
2.1,1.3,-1.03836,-1.24823
2.1,1.4,-1.14022,-1.32825
2.1,1.5,-1.23304,-1.40204
2.1,1.6,-1.31808,-1.47052
2.1,1.7,-1.39643,-1.53443
2.1,1.8,-1.46897,-1.59435
2.1,1.9,-1.53645,-1.65075
2.1,2,-1.59949,-1.70405
2.1,2.1,-1.65861,-1.75456
2.1,2.2,-1.71426,-1.80258
2.1,2.3,-1.76681,-1.84834
2.1,2.4,-1.81658,-1.89205
2.2,-2.5,-1.91423,-1.98147
2.2,-2.4,-1.86723,-1.93972
2.2,-2.3,-1.81776,-1.89611
2.2,-2.2,-1.76553,-1.85047
2.2,-2.1,-1.71025,-1.80258
2.2,-2,-1.65152,-1.75222
2.2,-1.9,-1.58891,-1.6991
2.2,-1.8,-1.5219,-1.64289
2.2,-1.7,-1.44988,-1.58322
2.2,-1.6,-1.37208,-1.5196
2.2,-1.5,-1.28762,-1.45145
2.2,-1.4,-1.1954,-1.37808
2.2,-1.3,-1.09412,-1.29856
2.2,-1.2,-0.982199,-1.21174
2.2,-1.1,-0.857785,-1.11609
2.2,-1,-0.718814,-1.00954
2.2,-0.9,-0.563281,-0.889176
2.2,-0.8,-0.390171,-0.750791
2.2,-0.7,-0.202429,-0.587952
2.2,-0.6,-0.0176055,-0.390263
2.2,-0.5,0.0813921,-0.139668
2.2,-0.4,-0.665984,0.198134
2.2,-0.3,nan,0.696113
2.2,-0.2,nan,1.53458
2.2,-0.1,nan,3.29167
2.2,0.1,nan,3.29167
2.2,0.2,nan,1.53458
2.2,0.3,nan,0.696113
2.2,0.4,-0.665984,0.198134
2.2,0.5,0.0813921,-0.139668
2.2,0.6,-0.0176055,-0.390263
2.2,0.7,-0.202429,-0.587952
2.2,0.8,-0.390171,-0.750791
2.2,0.9,-0.563281,-0.889176
2.2,1,-0.718814,-1.00954
2.2,1.1,-0.857785,-1.11609
2.2,1.2,-0.982199,-1.21174
2.2,1.3,-1.09412,-1.29856
2.2,1.4,-1.1954,-1.37808
2.2,1.5,-1.28762,-1.45145
2.2,1.6,-1.37208,-1.5196
2.2,1.7,-1.44988,-1.58322
2.2,1.8,-1.5219,-1.64289
2.2,1.9,-1.58891,-1.6991
2.2,2,-1.65152,-1.75222
2.2,2.1,-1.71025,-1.80258
2.2,2.2,-1.76553,-1.85047
2.2,2.3,-1.81776,-1.89611
2.2,2.4,-1.86723,-1.93972
2.3,-2.5,-1.9622,-2.02685
2.3,-2.4,-1.91545,-1.98518
2.3,-2.3,-1.86626,-1.94166
2.3,-2.2,-1.81434,-1.89611
2.3,-2.1,-1.75938,-1.84834
2.3,-2,-1.70102,-1.79811
2.3,-1.9,-1.63882,-1.74514
2.3,-1.8,-1.57227,-1.68912
2.3,-1.7,-1.50073,-1.62965
2.3,-1.6,-1.42346,-1.56628
2.3,-1.5,-1.33957,-1.49844
2.3,-1.4,-1.24795,-1.42542
2.3,-1.3,-1.14727,-1.34635
2.3,-1.2,-1.0359,-1.26008
2.3,-1.1,-0.911905,-1.16514
2.3,-1,-0.773034,-1.05948
2.3,-0.9,-0.61693,-0.940316
2.3,-0.8,-0.441831,-0.803542
2.3,-0.7,-0.248943,-0.642942
2.3,-0.6,-0.0509591,-0.448469
2.3,-0.5,0.089053,-0.202663
2.3,-0.4,-0.308897,0.127751
2.3,-0.3,nan,0.614088
2.3,-0.2,nan,1.43481
2.3,-0.1,nan,3.17003
2.3,0.1,nan,3.17003
2.3,0.2,nan,1.43481
2.3,0.3,nan,0.614088
2.3,0.4,-0.308897,0.127751
2.3,0.5,0.089053,-0.202663
2.3,0.6,-0.0509591,-0.448469
2.3,0.7,-0.248943,-0.642942
2.3,0.8,-0.441831,-0.803542
2.3,0.9,-0.61693,-0.940316
2.3,1,-0.773034,-1.05948
2.3,1.1,-0.911905,-1.16514
2.3,1.2,-1.0359,-1.26008
2.3,1.3,-1.14727,-1.34635
2.3,1.4,-1.24795,-1.42542
2.3,1.5,-1.33957,-1.49844
2.3,1.6,-1.42346,-1.56628
2.3,1.7,-1.50073,-1.62965
2.3,1.8,-1.57227,-1.68912
2.3,1.9,-1.63882,-1.74514
2.3,2,-1.70102,-1.79811
2.3,2.1,-1.75938,-1.84834
2.3,2.2,-1.81434,-1.89611
2.3,2.3,-1.86626,-1.94166
2.3,2.4,-1.91545,-1.98518
2.4,-2.5,-2.00798,-2.07022
2.4,-2.4,-1.96147,-2.02862
2.4,-2.3,-1.91253,-1.98518
2.4,-2.2,-1.86089,-1.93972
2.4,-2.1,-1.80625,-1.89205
2.4,-2,-1.74824,-1.84193
2.4,-1.9,-1.68642,-1.7891
2.4,-1.8,-1.62029,-1.73323
2.4,-1.7,-1.54921,-1.67395
2.4,-1.6,-1.47246,-1.6108
2.4,-1.5,-1.38912,-1.54322
2.4,-1.4,-1.29809,-1.47052
2.4,-1.3,-1.19801,-1.39185
2.4,-1.2,-1.08723,-1.30607
2.4,-1.1,-0.963725,-1.21174
2.4,-1,-0.825109,-1.10689
2.4,-0.9,-0.66873,-0.988782
2.4,-0.8,-0.492212,-0.853442
2.4,-0.7,-0.295354,-0.694843
2.4,-0.6,-0.0870141,-0.503258
2.4,-0.5,0.0843071,-0.261786
2.4,-0.4,-0.115696,0.0618664
2.4,-0.3,nan,0.537348
2.4,-0.2,nan,1.34105
2.4,-0.1,nan,3.05445
2.4,0.1,nan,3.05445
2.4,0.2,nan,1.34105
2.4,0.3,nan,0.537348
2.4,0.4,-0.115696,0.0618664
2.4,0.5,0.0843071,-0.261786
2.4,0.6,-0.0870141,-0.503258
2.4,0.7,-0.295354,-0.694843
2.4,0.8,-0.492212,-0.853442
2.4,0.9,-0.66873,-0.988782
2.4,1,-0.825109,-1.10689
2.4,1.1,-0.963725,-1.21174
2.4,1.2,-1.08723,-1.30607
2.4,1.3,-1.19801,-1.39185
2.4,1.4,-1.29809,-1.47052
2.4,1.5,-1.38912,-1.54322
2.4,1.6,-1.47246,-1.6108
2.4,1.7,-1.54921,-1.67395
2.4,1.8,-1.62029,-1.73323
2.4,1.9,-1.68642,-1.7891
2.4,2,-1.74824,-1.84193
2.4,2.1,-1.80625,-1.89205
2.4,2.2,-1.86089,-1.93972
2.4,2.3,-1.91253,-1.98518
2.4,2.4,-1.96147,-2.02862
